"table"	"key"	"field"	"checkpoint"	"native_R"
"FINAL_origin_tracing_authority_extended.tsv"	"Bd_2023_1"	"rf_corroboration_detail"	"RF macroregion call agrees with Step 4 macroregion call (RF=Asia, Step4=Asia) with accepted RF confidence (Moderate)."	"RF macroregion call agrees with Step 04 macroregion call (RF=Asia, Step4=Asia) with accepted RF confidence (Moderate)."
"FINAL_origin_tracing_authority_extended.tsv"	"Bd_2023_3"	"rf_corroboration_detail"	"RF macroregion call agrees with Step 4 macroregion call (RF=Asia, Step4=Asia) with accepted RF confidence (Moderate)."	"RF macroregion call agrees with Step 04 macroregion call (RF=Asia, Step4=Asia) with accepted RF confidence (Moderate)."
"FINAL_origin_tracing_authority_extended.tsv"	"Bd_2023_4"	"rf_corroboration_detail"	"RF macroregion call agrees with Step 4 macroregion call (RF=Asia, Step4=Asia) with accepted RF confidence (High)."	"RF macroregion call agrees with Step 04 macroregion call (RF=Asia, Step4=Asia) with accepted RF confidence (High)."
"FINAL_origin_tracing_authority_extended.tsv"	"Bd_2023_5"	"rf_corroboration_detail"	"RF macroregion call agrees with Step 4 macroregion call (RF=Asia, Step4=Asia) with accepted RF confidence (High)."	"RF macroregion call agrees with Step 04 macroregion call (RF=Asia, Step4=Asia) with accepted RF confidence (High)."
"FINAL_origin_tracing_authority_extended.tsv"	"Bd_2023_6"	"rf_corroboration_detail"	"RF macroregion call agrees with Step 4 macroregion call (RF=Asia, Step4=Asia) with accepted RF confidence (High)."	"RF macroregion call agrees with Step 04 macroregion call (RF=Asia, Step4=Asia) with accepted RF confidence (High)."
"FINAL_origin_tracing_authority_extended.tsv"	"Bd_2023_7"	"rf_corroboration_detail"	"RF macroregion call agrees with Step 4 macroregion call (RF=Africa, Step4=Africa) with accepted RF confidence (Moderate)."	"RF macroregion call agrees with Step 04 macroregion call (RF=Africa, Step4=Africa) with accepted RF confidence (Moderate)."
"FINAL_origin_tracing_authority_extended.tsv"	"Bd_2024_1"	"rf_corroboration_detail"	"RF macroregion call agrees with Step 4 macroregion call (RF=Asia, Step4=Asia) with accepted RF confidence (High)."	"RF macroregion call agrees with Step 04 macroregion call (RF=Asia, Step4=Asia) with accepted RF confidence (High)."
"FINAL_origin_tracing_authority_extended.tsv"	"Bd_2024_2"	"rf_corroboration_detail"	"RF macroregion call agrees with Step 4 macroregion call (RF=Africa, Step4=Africa) with accepted RF confidence (Moderate)."	"RF macroregion call agrees with Step 04 macroregion call (RF=Africa, Step4=Africa) with accepted RF confidence (Moderate)."
"FINAL_origin_tracing_authority_extended.tsv"	"Bd_2024_3"	"rf_corroboration_detail"	"RF macroregion call agrees with Step 4 macroregion call (RF=Asia, Step4=Asia) with accepted RF confidence (Moderate)."	"RF macroregion call agrees with Step 04 macroregion call (RF=Asia, Step4=Asia) with accepted RF confidence (Moderate)."
"FINAL_origin_tracing_authority_extended.tsv"	"Bd_2024_4"	"rf_corroboration_detail"	"RF macroregion call agrees with Step 4 macroregion call (RF=Asia, Step4=Asia) with accepted RF confidence (Moderate)."	"RF macroregion call agrees with Step 04 macroregion call (RF=Asia, Step4=Asia) with accepted RF confidence (Moderate)."
"FINAL_origin_tracing_authority_extended.tsv"	"FAVV_1"	"rf_corroboration_detail"	"RF macroregion call agrees with Step 4 macroregion call (RF=Africa, Step4=Africa) with accepted RF confidence (Moderate)."	"RF macroregion call agrees with Step 04 macroregion call (RF=Africa, Step4=Africa) with accepted RF confidence (Moderate)."
"FINAL_origin_tracing_authority_extended.tsv"	"FAVV_11"	"rf_corroboration_detail"	"RF macroregion call agrees with Step 4 macroregion call (RF=Africa, Step4=Africa) with accepted RF confidence (Moderate)."	"RF macroregion call agrees with Step 04 macroregion call (RF=Africa, Step4=Africa) with accepted RF confidence (Moderate)."
"FINAL_origin_tracing_authority_extended.tsv"	"FAVV_12"	"rf_corroboration_detail"	"RF macroregion top class agrees with Step 4 macroregion call (RF=Africa, Step4=Africa), but RF confidence is Low. This is directional agreement only, not strong independent corroboration. If subregion is not reported, this is due to Step 4 subregion filtering, e.g. low_global_K_agreement, not because RF caused the subregion to be withheld."	"RF macroregion top class agrees with Step 04 macroregion call (RF=Africa, Step4=Africa), but RF confidence is Low. This is directional agreement only, not strong independent corroboration. If subregion is not reported, this is due to Step 04 subregion filtering, e.g. low_global_K_agreement, not because RF caused the subregion to be withheld."
"FINAL_origin_tracing_authority_extended.tsv"	"FAVV_13"	"rf_corroboration_detail"	"RF macroregion call agrees with Step 4 macroregion call (RF=Africa, Step4=Africa) with accepted RF confidence (Moderate)."	"RF macroregion call agrees with Step 04 macroregion call (RF=Africa, Step4=Africa) with accepted RF confidence (Moderate)."
"FINAL_origin_tracing_authority_extended.tsv"	"FAVV_14"	"rf_corroboration_detail"	"RF macroregion call agrees with Step 4 macroregion call (RF=Asia, Step4=Asia) with accepted RF confidence (Moderate)."	"RF macroregion call agrees with Step 04 macroregion call (RF=Asia, Step4=Asia) with accepted RF confidence (Moderate)."
"FINAL_origin_tracing_authority_extended.tsv"	"FAVV_2"	"rf_corroboration_detail"	"RF macroregion call agrees with Step 4 macroregion call (RF=Africa, Step4=Africa) with accepted RF confidence (Moderate)."	"RF macroregion call agrees with Step 04 macroregion call (RF=Africa, Step4=Africa) with accepted RF confidence (Moderate)."
"FINAL_origin_tracing_authority_extended.tsv"	"FAVV_3"	"rf_corroboration_detail"	"RF macroregion call agrees with Step 4 macroregion call (RF=Africa, Step4=Africa) with accepted RF confidence (Moderate)."	"RF macroregion call agrees with Step 04 macroregion call (RF=Africa, Step4=Africa) with accepted RF confidence (Moderate)."
"FINAL_origin_tracing_authority_extended.tsv"	"FAVV_4"	"rf_corroboration_detail"	"RF macroregion call agrees with Step 4 macroregion call (RF=Africa, Step4=Africa) with accepted RF confidence (Moderate)."	"RF macroregion call agrees with Step 04 macroregion call (RF=Africa, Step4=Africa) with accepted RF confidence (Moderate)."
"FINAL_origin_tracing_authority_extended.tsv"	"FAVV_5"	"rf_corroboration_detail"	"RF macroregion call agrees with Step 4 macroregion call (RF=Africa, Step4=Africa) with accepted RF confidence (Moderate)."	"RF macroregion call agrees with Step 04 macroregion call (RF=Africa, Step4=Africa) with accepted RF confidence (Moderate)."
"FINAL_origin_tracing_authority_extended.tsv"	"FAVV_6"	"rf_corroboration_detail"	"RF macroregion top class agrees with Step 4 macroregion call (RF=Africa, Step4=Africa), but RF confidence is Low. This is directional agreement only, not strong independent corroboration. If subregion is not reported, this is due to Step 4 subregion filtering, e.g. ok, not because RF caused the subregion to be withheld."	"RF macroregion top class agrees with Step 04 macroregion call (RF=Africa, Step4=Africa), but RF confidence is Low. This is directional agreement only, not strong independent corroboration. If subregion is not reported, this is due to Step 04 subregion filtering, e.g. ok, not because RF caused the subregion to be withheld."
"FINAL_origin_tracing_authority_extended.tsv"	"FAVV_7"	"rf_corroboration_detail"	"RF macroregion top class agrees with Step 4 macroregion call (RF=Africa, Step4=Africa), but RF confidence is Low. This is directional agreement only, not strong independent corroboration. If subregion is not reported, this is due to Step 4 subregion filtering, e.g. ok, not because RF caused the subregion to be withheld."	"RF macroregion top class agrees with Step 04 macroregion call (RF=Africa, Step4=Africa), but RF confidence is Low. This is directional agreement only, not strong independent corroboration. If subregion is not reported, this is due to Step 04 subregion filtering, e.g. ok, not because RF caused the subregion to be withheld."
"FINAL_origin_tracing_authority_extended.tsv"	"FAVV_1"	"commodity_origin_mismatch_detail"	"Known commodity-origin country is Cameroon, expected macroregion is Africa, and the reported genetic origin is Africa. Subregion is not reported because Step 4 subregion confidence/stability was insufficient (low_global_K_agreement)."	"Known commodity-origin country is Cameroon, expected macroregion is Africa, and the reported genetic origin is Africa. Subregion is not reported because Step 04 subregion confidence/stability was insufficient (low_global_K_agreement)."
"FINAL_origin_tracing_authority_extended.tsv"	"FAVV_11"	"commodity_origin_mismatch_detail"	"Known commodity-origin country is Burkina Faso, expected macroregion is Africa, and the reported genetic origin is Africa. Subregion is not reported because Step 4 subregion confidence/stability was insufficient (low_global_K_agreement)."	"Known commodity-origin country is Burkina Faso, expected macroregion is Africa, and the reported genetic origin is Africa. Subregion is not reported because Step 04 subregion confidence/stability was insufficient (low_global_K_agreement)."
"FINAL_origin_tracing_authority_extended.tsv"	"FAVV_12"	"commodity_origin_mismatch_detail"	"Known commodity-origin country is Senegal, expected macroregion is Africa, and the reported genetic origin is Africa. Subregion is not reported because Step 4 subregion confidence/stability was insufficient (low_global_K_agreement)."	"Known commodity-origin country is Senegal, expected macroregion is Africa, and the reported genetic origin is Africa. Subregion is not reported because Step 04 subregion confidence/stability was insufficient (low_global_K_agreement)."
"FINAL_origin_tracing_authority_extended.tsv"	"FAVV_2"	"commodity_origin_mismatch_detail"	"Known commodity-origin country is Cameroon, expected macroregion is Africa, and the reported genetic origin is Africa. Subregion is not reported because Step 4 subregion confidence/stability was insufficient (low_global_K_agreement)."	"Known commodity-origin country is Cameroon, expected macroregion is Africa, and the reported genetic origin is Africa. Subregion is not reported because Step 04 subregion confidence/stability was insufficient (low_global_K_agreement)."
