sample_id	sample_origin_country	macroregion_call	macroregion_confidence	macroregion_reason	macroregion_maxk_used	macroregion_maxk_post	macroregion_maxk_gap	macroregion_agreement	macroregion_tail_agreement	macroregion_tail_fraction	macroregion_stable_from_k	macroregion_nk	macroregion_nk_total_tested	macroregion_nk_usable_for_stability	macroregion_maxk_nsnps	subregion_call	subregion_confidence	subregion_reason	subregion_panel	subregion_maxk_used	subregion_maxk_post	subregion_maxk_gap	subregion_agreement	subregion_tail_agreement	subregion_tail_fraction	subregion_stable_from_k	subregion_nk	subregion_nk_total_tested	subregion_nk_usable_for_stability	subregion_maxk_nsnps	country	population	macroregion_3	subregion	is_reference	step4_macroregion_call	step4_macroregion_confidence	step4_macroregion_reason	step4_macroregion_posterior	step4_macroregion_gap	step4_macroregion_agreement	step4_macroregion_tail_agreement	step4_macroregion_nK_usable	step4_subregion_call	step4_subregion_confidence	step4_subregion_reason	step4_subregion_panel	step4_subregion_posterior	step4_subregion_gap	step4_subregion_agreement	step4_subregion_tail_agreement	step4_subregion_nK_usable	commodity	sample_origin_country_source	expected_macroregion_from_origin_country	expected_subregion_from_origin_country	vanbergen_macroregion	vanbergen_note	vanbergen_macroregion_consistency	rf_macro_call	rf_macro_top_prob	rf_macro_gap	rf_macro_confidence	rf_macro_status	rf_macro_rf_vs_step4	rf_africa_sub_call	rf_africa_sub_top_prob	rf_africa_sub_gap	rf_africa_sub_confidence	rf_africa_sub_status	rf_africa_sub_rf_vs_step4	rf_asia_sub_call	rf_asia_sub_top_prob	rf_asia_sub_gap	rf_asia_sub_confidence	rf_asia_sub_status	rf_asia_sub_rf_vs_step4	rf_relevant_subregion_call	rf_relevant_subregion_top_prob	rf_relevant_subregion_gap	rf_relevant_subregion_confidence	rf_macro_agrees_step4	rf_subregion_agrees_step4	rf_macro_strong_discordance	rf_subregion_strong_discordance	rf_corroboration	rf_corroboration_detail	macroregion_status	macroregion_criteria_met	macroregion_criteria_unmet	macroregion_unmet_criteria	macroregion_step4_confidence_consistent	subregion_status	subregion_criteria_met	subregion_criteria_unmet	subregion_unmet_criteria	subregion_step4_confidence_consistent	macro_accepted	subregion_accepted	reported_level	reported_origin	reported_confidence	reporting_basis	subregion_withheld_explanation	action_note	report_statement	commodity_origin_vs_assignment	commodity_origin_mismatch_detail
Bd_2023_1	Unknown	Asia	Uncertain	too_few_usable_K	11086	1	1	1	1	0.5	5000	3	16	3	686	""	Uncertain	macroregion_uncertain	""												Belgium	Belgium	Others	Other	FALSE	Asia	Uncertain	too_few_usable_K	1	1	1	1	3		Uncertain	macroregion_uncertain								Unknown for trapped adults or unavailable metadata			Asia	Macroregion-level interpretation from Vanbergen et al. 2025 Table 2 / discussion	Consistent with Vanbergen et al. 2025 macroregion	Asia	0.899	0.798	Moderate	ok	step4_macroregion_uncertain	E_Africa	0.582	0.228	Low	ok	not_interpreted_step4_not_africa	SE_Asia	0.821	0.708	Low	ok	step4_subregion_uncertain	SE_Asia	0.821	0.708	Low	TRUE		FALSE	FALSE	RF supports macroregion	RF macroregion call agrees with Step 04 macroregion call (RF=Asia, Step4=Asia) with accepted RF confidence (Moderate).	FAIL	5	1	usable_K_count	TRUE	NOT_EVALUATED				TRUE	FALSE	FALSE	uncertain	Uncertain	Uncertain	Macroregion FAIL 5/6. Unmet criteria: usable_K_count. Subregion NOT_EVALUATED.	Subregion was not evaluated because macroregion failed.	Report unresolved genomic assignment.	Bd_2023_1: genomic assignment unresolved. Macroregion FAIL 5/6. Unmet criteria: usable_K_count. Subregion NOT_EVALUATED.	Not assessable: sample-origin country unknown	No known commodity-origin country is available for this sample. This is expected for trapped adults.
Bd_2023_2	Unknown	Africa	Uncertain	too_few_usable_K	11086	1	1	1	1	0.5	1000	5	16	5	3292	""	Uncertain	macroregion_uncertain	""												Belgium	Belgium	Others	Other	FALSE	Africa	Uncertain	too_few_usable_K	1	1	1	1	5		Uncertain	macroregion_uncertain								Unknown for trapped adults or unavailable metadata			Africa	Macroregion-level interpretation from Vanbergen et al. 2025 Table 2 / discussion	Consistent with Vanbergen et al. 2025 macroregion	Asia	0.606	0.212	Low	ok	step4_macroregion_uncertain	E_Africa	0.58	0.25	Low	ok	step4_subregion_uncertain	SE_Asia	0.695	0.514	Low	ok	not_interpreted_step4_not_asia	E_Africa	0.58	0.25	Low	FALSE		FALSE	FALSE	RF inconclusive	RF did not provide a clear accepted-confidence corroboration or contradiction.	FAIL	5	1	usable_K_count	TRUE	NOT_EVALUATED				TRUE	FALSE	FALSE	uncertain	Uncertain	Uncertain	Macroregion FAIL 5/6. Unmet criteria: usable_K_count. Subregion NOT_EVALUATED.	Subregion was not evaluated because macroregion failed.	Report unresolved genomic assignment.	Bd_2023_2: genomic assignment unresolved. Macroregion FAIL 5/6. Unmet criteria: usable_K_count. Subregion NOT_EVALUATED.	Not assessable: sample-origin country unknown	No known commodity-origin country is available for this sample. This is expected for trapped adults.
Bd_2023_3	Unknown	Asia	Uncertain	too_few_usable_K	11086	1	1	1	1	0.5	1000	5	16	5	2879	""	Uncertain	macroregion_uncertain	""												Belgium	Belgium	Others	Other	FALSE	Asia	Uncertain	too_few_usable_K	1	1	1	1	5		Uncertain	macroregion_uncertain								Unknown for trapped adults or unavailable metadata			Asia	Macroregion-level interpretation from Vanbergen et al. 2025 Table 2 / discussion	Consistent with Vanbergen et al. 2025 macroregion	Asia	0.897	0.794	Moderate	ok	step4_macroregion_uncertain	E_Africa	0.573	0.226	Low	ok	not_interpreted_step4_not_africa	SE_Asia	0.623	0.372	Low	ok	step4_subregion_uncertain	SE_Asia	0.623	0.372	Low	TRUE		FALSE	FALSE	RF supports macroregion	RF macroregion call agrees with Step 04 macroregion call (RF=Asia, Step4=Asia) with accepted RF confidence (Moderate).	FAIL	5	1	usable_K_count	TRUE	NOT_EVALUATED				TRUE	FALSE	FALSE	uncertain	Uncertain	Uncertain	Macroregion FAIL 5/6. Unmet criteria: usable_K_count. Subregion NOT_EVALUATED.	Subregion was not evaluated because macroregion failed.	Report unresolved genomic assignment.	Bd_2023_3: genomic assignment unresolved. Macroregion FAIL 5/6. Unmet criteria: usable_K_count. Subregion NOT_EVALUATED.	Not assessable: sample-origin country unknown	No known commodity-origin country is available for this sample. This is expected for trapped adults.
Bd_2023_4	Unknown	Asia	High	ok	11086	1	1	1	1	0.5	200	7	16	7	11079	S_Asia	High	ok	P3_Asia	11086	1	1	1	1	0.5	500	6	16	6	11070	Belgium	Belgium	Others	Other	FALSE	Asia	High	ok	1	1	1	1	7	S_Asia	High	ok	P3_Asia	1	1	1	1	6		Unknown for trapped adults or unavailable metadata			Asia	Macroregion-level interpretation from Vanbergen et al. 2025 Table 2 / discussion	Consistent with Vanbergen et al. 2025 macroregion	Asia	0.952	0.904	High	ok	supports_step4_macroregion	E_Africa	0.523	0.19	Uncertain	ok	not_interpreted_step4_not_africa	S_Asia	0.417	0.106	Uncertain	ok	supports_step4_subregion	S_Asia	0.417	0.106	Uncertain	TRUE	TRUE	FALSE	FALSE	RF supports macroregion	RF macroregion call agrees with Step 04 macroregion call (RF=Asia, Step4=Asia) with accepted RF confidence (High).	PASS	6	0	None	TRUE	PASS	6	0	None	TRUE	TRUE	TRUE	subregion	S_Asia	High	Macroregion PASS 6/6 and subregion PASS 6/6.	None. All six subregion criteria are met.	Report conditional subregion affinity.	Bd_2023_4: genomic affinity to S_Asia (subregion). Macroregion PASS 6/6 and subregion PASS 6/6.	Not assessable: sample-origin country unknown	No known commodity-origin country is available for this sample. This is expected for trapped adults.
Bd_2023_5	Unknown	Asia	High	ok	11086	1	1	1	1	0.5	200	7	16	7	11080	E_Asia	Uncertain	low_global_K_agreement	P3_Asia	11086	1	1	0.833333333333333	1	0.5	1000	6	16	6	11070	Belgium	Belgium	Others	Other	FALSE	Asia	High	ok	1	1	1	1	7	E_Asia	Uncertain	low_global_K_agreement	P3_Asia	1	1	0.833333333333333	1	6		Unknown for trapped adults or unavailable metadata			Asia	Macroregion-level interpretation from Vanbergen et al. 2025 Table 2 / discussion	Consistent with Vanbergen et al. 2025 macroregion	Asia	0.953	0.906	High	ok	supports_step4_macroregion	E_Africa	0.542	0.233	Low	ok	not_interpreted_step4_not_africa	E_Asia	0.398	0.033	Uncertain	ok	step4_subregion_uncertain	E_Asia	0.398	0.033	Uncertain	TRUE	TRUE	FALSE	FALSE	RF supports macroregion	RF macroregion call agrees with Step 04 macroregion call (RF=Asia, Step4=Asia) with accepted RF confidence (High).	PASS	6	0	None	TRUE	FAIL	5	1	global_K_agreement	TRUE	TRUE	FALSE	macroregion	Asia	High	Macroregion PASS 6/6. Subregion FAIL 5/6. Unmet criteria: global_K_agreement.	1 of six subregion criteria unmet: global_K_agreement.	Report macroregion affinity only.	Bd_2023_5: genomic affinity to Asia (macroregion). Macroregion PASS 6/6. Subregion FAIL 5/6. Unmet criteria: global_K_agreement.	Not assessable: sample-origin country unknown	No known commodity-origin country is available for this sample. This is expected for trapped adults.
Bd_2023_6	Unknown	Asia	High	ok	11086	1	1	1	1	0.5	200	7	16	7	11073	S_Asia	High	ok	P3_Asia	11086	1	1	1	1	0.5	500	6	16	6	11075	Belgium	Belgium	Others	Other	FALSE	Asia	High	ok	1	1	1	1	7	S_Asia	High	ok	P3_Asia	1	1	1	1	6		Unknown for trapped adults or unavailable metadata			Asia	Macroregion-level interpretation from Vanbergen et al. 2025 Table 2 / discussion	Consistent with Vanbergen et al. 2025 macroregion	Asia	0.957	0.914	High	ok	supports_step4_macroregion	E_Africa	0.535	0.248	Low	ok	not_interpreted_step4_not_africa	S_Asia	0.478	0.167	Uncertain	ok	supports_step4_subregion	S_Asia	0.478	0.167	Uncertain	TRUE	TRUE	FALSE	FALSE	RF supports macroregion	RF macroregion call agrees with Step 04 macroregion call (RF=Asia, Step4=Asia) with accepted RF confidence (High).	PASS	6	0	None	TRUE	PASS	6	0	None	TRUE	TRUE	TRUE	subregion	S_Asia	High	Macroregion PASS 6/6 and subregion PASS 6/6.	None. All six subregion criteria are met.	Report conditional subregion affinity.	Bd_2023_6: genomic affinity to S_Asia (subregion). Macroregion PASS 6/6 and subregion PASS 6/6.	Not assessable: sample-origin country unknown	No known commodity-origin country is available for this sample. This is expected for trapped adults.
Bd_2023_7	Unknown	Africa	High	ok	11086	1	1	1	1	0.5	500	6	16	6	11081	E_Africa	Uncertain	low_global_K_agreement	P2_Africa	11001	1	1	0.5	1	0.5	5000	6	16	6	10993	Belgium	Belgium	Others	Other	FALSE	Africa	High	ok	1	1	1	1	6	E_Africa	Uncertain	low_global_K_agreement	P2_Africa	1	1	0.5	1	6		Unknown for trapped adults or unavailable metadata			Africa	Macroregion-level interpretation from Vanbergen et al. 2025 Table 2 / discussion	Consistent with Vanbergen et al. 2025 macroregion	Africa	0.866	0.732	Moderate	ok	supports_step4_macroregion	E_Africa	0.528	0.205	Low	ok	step4_subregion_uncertain	SE_Asia	0.503	0.238	Low	ok	not_interpreted_step4_not_asia	E_Africa	0.528	0.205	Low	TRUE	TRUE	FALSE	FALSE	RF supports macroregion	RF macroregion call agrees with Step 04 macroregion call (RF=Africa, Step4=Africa) with accepted RF confidence (Moderate).	PASS	6	0	None	TRUE	FAIL	5	1	global_K_agreement	TRUE	TRUE	FALSE	macroregion	Africa	High	Macroregion PASS 6/6. Subregion FAIL 5/6. Unmet criteria: global_K_agreement.	1 of six subregion criteria unmet: global_K_agreement.	Report macroregion affinity only.	Bd_2023_7: genomic affinity to Africa (macroregion). Macroregion PASS 6/6. Subregion FAIL 5/6. Unmet criteria: global_K_agreement.	Not assessable: sample-origin country unknown	No known commodity-origin country is available for this sample. This is expected for trapped adults.
Bd_2024_1	Unknown	Asia	High	ok	11086	1	1	1	1	0.5	200	7	16	7	11069	S_Asia	High	ok	P3_Asia	11086	1	1	1	1	0.5	500	6	16	6	11059	Belgium	Belgium	Others	Other	FALSE	Asia	High	ok	1	1	1	1	7	S_Asia	High	ok	P3_Asia	1	1	1	1	6		Unknown for trapped adults or unavailable metadata			Asia	Macroregion-level interpretation from Vanbergen et al. 2025 Table 2 / discussion	Consistent with Vanbergen et al. 2025 macroregion	Asia	0.965	0.93	High	ok	supports_step4_macroregion	E_Africa	0.492	0.136	Uncertain	ok	not_interpreted_step4_not_africa	S_Asia	0.39	0.048	Uncertain	ok	supports_step4_subregion	S_Asia	0.39	0.048	Uncertain	TRUE	TRUE	FALSE	FALSE	RF supports macroregion	RF macroregion call agrees with Step 04 macroregion call (RF=Asia, Step4=Asia) with accepted RF confidence (High).	PASS	6	0	None	TRUE	PASS	6	0	None	TRUE	TRUE	TRUE	subregion	S_Asia	High	Macroregion PASS 6/6 and subregion PASS 6/6.	None. All six subregion criteria are met.	Report conditional subregion affinity.	Bd_2024_1: genomic affinity to S_Asia (subregion). Macroregion PASS 6/6 and subregion PASS 6/6.	Not assessable: sample-origin country unknown	No known commodity-origin country is available for this sample. This is expected for trapped adults.
Bd_2024_2	Unknown	Africa	High	ok	11086	1	1	1	1	0.5	500	6	16	6	11063	E_Africa	Uncertain	low_global_K_agreement	P2_Africa	11001	0.999996129644487	0.999992259288973	0.5	0.666666666666667	0.5	11001	6	16	6	10984	Belgium	Belgium	Others	Other	FALSE	Africa	High	ok	1	1	1	1	6	E_Africa	Uncertain	low_global_K_agreement	P2_Africa	0.999996129644487	0.999992259288973	0.5	0.666666666666667	6		Unknown for trapped adults or unavailable metadata			Africa	Macroregion-level interpretation from Vanbergen et al. 2025 Table 2 / discussion	Consistent with Vanbergen et al. 2025 macroregion	Africa	0.886	0.772	Moderate	ok	supports_step4_macroregion	E_Africa	0.555	0.247	Low	ok	step4_subregion_uncertain	SE_Asia	0.459	0.134	Uncertain	ok	not_interpreted_step4_not_asia	E_Africa	0.555	0.247	Low	TRUE	TRUE	FALSE	FALSE	RF supports macroregion	RF macroregion call agrees with Step 04 macroregion call (RF=Africa, Step4=Africa) with accepted RF confidence (Moderate).	PASS	6	0	None	TRUE	FAIL	4	2	global_K_agreement; tail_K_agreement	TRUE	TRUE	FALSE	macroregion	Africa	High	Macroregion PASS 6/6. Subregion FAIL 4/6. Unmet criteria: global_K_agreement; tail_K_agreement.	2 of six subregion criteria unmet: global_K_agreement; tail_K_agreement.	Report macroregion affinity only.	Bd_2024_2: genomic affinity to Africa (macroregion). Macroregion PASS 6/6. Subregion FAIL 4/6. Unmet criteria: global_K_agreement; tail_K_agreement.	Not assessable: sample-origin country unknown	No known commodity-origin country is available for this sample. This is expected for trapped adults.
Bd_2024_3	Unknown	Asia	High	ok	11086	1	1	1	1	0.5	200	7	16	7	11075	S_Asia	High	ok	P3_Asia	11086	1	1	1	1	0.5	500	6	16	6	11074	Belgium	Belgium	Others	Other	FALSE	Asia	High	ok	1	1	1	1	7	S_Asia	High	ok	P3_Asia	1	1	1	1	6		Unknown for trapped adults or unavailable metadata			Asia	Macroregion-level interpretation from Vanbergen et al. 2025 Table 2 / discussion	Consistent with Vanbergen et al. 2025 macroregion	Asia	0.868	0.736	Moderate	ok	supports_step4_macroregion	E_Africa	0.576	0.283	Low	ok	not_interpreted_step4_not_africa	SE_Asia	0.401	0.041	Uncertain	ok	discordant_with_step4_subregion	SE_Asia	0.401	0.041	Uncertain	TRUE	FALSE	FALSE	FALSE	RF supports macroregion	RF macroregion call agrees with Step 04 macroregion call (RF=Asia, Step4=Asia) with accepted RF confidence (Moderate).	PASS	6	0	None	TRUE	PASS	6	0	None	TRUE	TRUE	TRUE	subregion	S_Asia	High	Macroregion PASS 6/6 and subregion PASS 6/6.	None. All six subregion criteria are met.	Report conditional subregion affinity.	Bd_2024_3: genomic affinity to S_Asia (subregion). Macroregion PASS 6/6 and subregion PASS 6/6.	Not assessable: sample-origin country unknown	No known commodity-origin country is available for this sample. This is expected for trapped adults.
Bd_2024_4	Unknown	Asia	High	ok	11086	1	1	1	1	0.5	200	7	16	7	11079	S_Asia	High	ok	P3_Asia	11086	1	1	1	1	0.5	500	6	16	6	11077	Belgium	Belgium	Others	Other	FALSE	Asia	High	ok	1	1	1	1	7	S_Asia	High	ok	P3_Asia	1	1	1	1	6		Unknown for trapped adults or unavailable metadata			Asia	Macroregion-level interpretation from Vanbergen et al. 2025 Table 2 / discussion	Consistent with Vanbergen et al. 2025 macroregion	Asia	0.925	0.85	Moderate	ok	supports_step4_macroregion	E_Africa	0.514	0.152	Uncertain	ok	not_interpreted_step4_not_africa	E_Asia	0.364	0.038	Uncertain	ok	discordant_with_step4_subregion	E_Asia	0.364	0.038	Uncertain	TRUE	FALSE	FALSE	FALSE	RF supports macroregion	RF macroregion call agrees with Step 04 macroregion call (RF=Asia, Step4=Asia) with accepted RF confidence (Moderate).	PASS	6	0	None	TRUE	PASS	6	0	None	TRUE	TRUE	TRUE	subregion	S_Asia	High	Macroregion PASS 6/6 and subregion PASS 6/6.	None. All six subregion criteria are met.	Report conditional subregion affinity.	Bd_2024_4: genomic affinity to S_Asia (subregion). Macroregion PASS 6/6 and subregion PASS 6/6.	Not assessable: sample-origin country unknown	No known commodity-origin country is available for this sample. This is expected for trapped adults.
FAVV_1	Cameroon	Africa	High	ok	11086	1	1	1	1	0.5	500	6	16	6	11073	W_Africa	Uncertain	low_global_K_agreement	P2_Africa	11001	0.931552139662621	0.863104279325242	0.333333333333333	0.666666666666667	0.5	10000	6	16	6	10992	Belgium	Belgium	Others	Other	FALSE	Africa	High	ok	1	1	1	1	6	W_Africa	Uncertain	low_global_K_agreement	P2_Africa	0.931552139662621	0.863104279325242	0.333333333333333	0.666666666666667	6	Mango	Built-in FAVV/FASFC origin metadata from Vanbergen et al. 2025 Table 1	Africa	C_Africa	Africa	Macroregion-level interpretation from Vanbergen et al. 2025 Table 2 / discussion	Consistent with Vanbergen et al. 2025 macroregion	Africa	0.865	0.73	Moderate	ok	supports_step4_macroregion	E_Africa	0.497	0.189	Uncertain	ok	step4_subregion_uncertain	S_Asia	0.488	0.171	Uncertain	ok	not_interpreted_step4_not_asia	E_Africa	0.497	0.189	Uncertain	TRUE	FALSE	FALSE	FALSE	RF supports macroregion	RF macroregion call agrees with Step 04 macroregion call (RF=Africa, Step4=Africa) with accepted RF confidence (Moderate).	PASS	6	0	None	TRUE	FAIL	4	2	global_K_agreement; tail_K_agreement	TRUE	TRUE	FALSE	macroregion	Africa	High	Macroregion PASS 6/6. Subregion FAIL 4/6. Unmet criteria: global_K_agreement; tail_K_agreement.	2 of six subregion criteria unmet: global_K_agreement; tail_K_agreement.	Report macroregion affinity only.	FAVV_1: genomic affinity to Africa (macroregion). Macroregion PASS 6/6. Subregion FAIL 4/6. Unmet criteria: global_K_agreement; tail_K_agreement.	Consistent at macroregion level; subregion not reported	Known commodity-origin country is Cameroon, expected macroregion is Africa, and the reported genetic origin is Africa. Subregion is not reported because Step 04 subregion confidence/stability was insufficient (low_global_K_agreement).
FAVV_11	Burkina Faso	Africa	High	ok	11086	1	1	1	1	0.5	500	6	16	6	11076	W_Africa	Uncertain	low_global_K_agreement	P2_Africa	11001	1	1	0.333333333333333	0.666666666666667	0.5	10000	6	16	6	10998	Belgium	Belgium	Others	Other	FALSE	Africa	High	ok	1	1	1	1	6	W_Africa	Uncertain	low_global_K_agreement	P2_Africa	1	1	0.333333333333333	0.666666666666667	6	Mango	Built-in FAVV/FASFC origin metadata from Vanbergen et al. 2025 Table 1	Africa	W_Africa	Africa	Macroregion-level interpretation from Vanbergen et al. 2025 Table 2 / discussion	Consistent with Vanbergen et al. 2025 macroregion	Africa	0.874	0.748	Moderate	ok	supports_step4_macroregion	E_Africa	0.47	0.126	Uncertain	ok	step4_subregion_uncertain	SE_Asia	0.425	0.049	Uncertain	ok	not_interpreted_step4_not_asia	E_Africa	0.47	0.126	Uncertain	TRUE	FALSE	FALSE	FALSE	RF supports macroregion	RF macroregion call agrees with Step 04 macroregion call (RF=Africa, Step4=Africa) with accepted RF confidence (Moderate).	PASS	6	0	None	TRUE	FAIL	4	2	global_K_agreement; tail_K_agreement	TRUE	TRUE	FALSE	macroregion	Africa	High	Macroregion PASS 6/6. Subregion FAIL 4/6. Unmet criteria: global_K_agreement; tail_K_agreement.	2 of six subregion criteria unmet: global_K_agreement; tail_K_agreement.	Report macroregion affinity only.	FAVV_11: genomic affinity to Africa (macroregion). Macroregion PASS 6/6. Subregion FAIL 4/6. Unmet criteria: global_K_agreement; tail_K_agreement.	Consistent at macroregion level; subregion not reported	Known commodity-origin country is Burkina Faso, expected macroregion is Africa, and the reported genetic origin is Africa. Subregion is not reported because Step 04 subregion confidence/stability was insufficient (low_global_K_agreement).
FAVV_12	Senegal	Africa	High	ok	11086	1	1	1	1	0.5	500	6	16	6	11070	W_Africa	Uncertain	low_global_K_agreement	P2_Africa	11001	1	1	0.833333333333333	1	0.5	1000	6	16	6	10981	Belgium	Belgium	Others	Other	FALSE	Africa	High	ok	1	1	1	1	6	W_Africa	Uncertain	low_global_K_agreement	P2_Africa	1	1	0.833333333333333	1	6	Mango	Built-in FAVV/FASFC origin metadata from Vanbergen et al. 2025 Table 1	Africa	W_Africa	Africa	Macroregion-level interpretation from Vanbergen et al. 2025 Table 2 / discussion	Consistent with Vanbergen et al. 2025 macroregion	Africa	0.835	0.67	Low	ok	supports_step4_macroregion	E_Africa	0.497	0.154	Uncertain	ok	step4_subregion_uncertain	SE_Asia	0.455	0.124	Uncertain	ok	not_interpreted_step4_not_asia	E_Africa	0.497	0.154	Uncertain	TRUE	FALSE	FALSE	FALSE	RF weakly supports macroregion	RF macroregion top class agrees with Step 04 macroregion call (RF=Africa, Step4=Africa), but RF confidence is Low. This is directional agreement only, not strong independent corroboration. If subregion is not reported, this is due to Step 04 subregion filtering, e.g. low_global_K_agreement, not because RF caused the subregion to be withheld.	PASS	6	0	None	TRUE	FAIL	5	1	global_K_agreement	TRUE	TRUE	FALSE	macroregion	Africa	High	Macroregion PASS 6/6. Subregion FAIL 5/6. Unmet criteria: global_K_agreement.	1 of six subregion criteria unmet: global_K_agreement.	Report macroregion affinity only.	FAVV_12: genomic affinity to Africa (macroregion). Macroregion PASS 6/6. Subregion FAIL 5/6. Unmet criteria: global_K_agreement.	Consistent at macroregion level; subregion not reported	Known commodity-origin country is Senegal, expected macroregion is Africa, and the reported genetic origin is Africa. Subregion is not reported because Step 04 subregion confidence/stability was insufficient (low_global_K_agreement).
FAVV_13	Senegal	Africa	High	ok	11086	1	1	1	1	0.5	500	6	16	6	11062	W_Africa	High	ok	P2_Africa	11001	1	1	1	1	0.5	500	6	16	6	10975	Belgium	Belgium	Others	Other	FALSE	Africa	High	ok	1	1	1	1	6	W_Africa	High	ok	P2_Africa	1	1	1	1	6	Mango	Built-in FAVV/FASFC origin metadata from Vanbergen et al. 2025 Table 1	Africa	W_Africa	Africa	Macroregion-level interpretation from Vanbergen et al. 2025 Table 2 / discussion	Consistent with Vanbergen et al. 2025 macroregion	Africa	0.885	0.77	Moderate	ok	supports_step4_macroregion	E_Africa	0.441	0.027	Uncertain	ok	discordant_with_step4_subregion	SE_Asia	0.437	0.071	Uncertain	ok	not_interpreted_step4_not_asia	E_Africa	0.441	0.027	Uncertain	TRUE	FALSE	FALSE	FALSE	RF supports macroregion	RF macroregion call agrees with Step 04 macroregion call (RF=Africa, Step4=Africa) with accepted RF confidence (Moderate).	PASS	6	0	None	TRUE	PASS	6	0	None	TRUE	TRUE	TRUE	subregion	W_Africa	High	Macroregion PASS 6/6 and subregion PASS 6/6.	None. All six subregion criteria are met.	Report conditional subregion affinity.	FAVV_13: genomic affinity to W_Africa (subregion). Macroregion PASS 6/6 and subregion PASS 6/6.	Consistent at subregion level	Known commodity-origin country is Senegal, expected subregion is W_Africa, and the reported genetic origin is W_Africa.
FAVV_14	Bangladesh	Asia	High	ok	11086	1	1	1	1	0.5	500	6	16	6	11066	S_Asia	High	ok	P3_Asia	11086	1	1	1	1	0.5	500	6	16	6	11072	Belgium	Belgium	Others	Other	FALSE	Asia	High	ok	1	1	1	1	6	S_Asia	High	ok	P3_Asia	1	1	1	1	6	Mango	Built-in FAVV/FASFC origin metadata from Vanbergen et al. 2025 Table 1	Asia	S_Asia	Asia	Macroregion-level interpretation from Vanbergen et al. 2025 Table 2 / discussion	Consistent with Vanbergen et al. 2025 macroregion	Asia	0.933	0.866	Moderate	ok	supports_step4_macroregion	E_Africa	0.487	0.14	Uncertain	ok	not_interpreted_step4_not_africa	S_Asia	0.482	0.221	Low	ok	supports_step4_subregion	S_Asia	0.482	0.221	Low	TRUE	TRUE	FALSE	FALSE	RF supports macroregion	RF macroregion call agrees with Step 04 macroregion call (RF=Asia, Step4=Asia) with accepted RF confidence (Moderate).	PASS	6	0	None	TRUE	PASS	6	0	None	TRUE	TRUE	TRUE	subregion	S_Asia	High	Macroregion PASS 6/6 and subregion PASS 6/6.	None. All six subregion criteria are met.	Report conditional subregion affinity.	FAVV_14: genomic affinity to S_Asia (subregion). Macroregion PASS 6/6 and subregion PASS 6/6.	Consistent at subregion level	Known commodity-origin country is Bangladesh, expected subregion is S_Asia, and the reported genetic origin is S_Asia.
FAVV_2	Cameroon	Africa	High	ok	11086	1	1	1	1	0.5	500	6	16	6	11069	W_Africa	Uncertain	low_global_K_agreement	P2_Africa	11001	0.999999872479476	0.999999744958951	0.666666666666667	1	0.5	2000	6	16	6	10992	Belgium	Belgium	Others	Other	FALSE	Africa	High	ok	1	1	1	1	6	W_Africa	Uncertain	low_global_K_agreement	P2_Africa	0.999999872479476	0.999999744958951	0.666666666666667	1	6	Mango	Built-in FAVV/FASFC origin metadata from Vanbergen et al. 2025 Table 1	Africa	C_Africa	Africa	Macroregion-level interpretation from Vanbergen et al. 2025 Table 2 / discussion	Consistent with Vanbergen et al. 2025 macroregion	Africa	0.889	0.778	Moderate	ok	supports_step4_macroregion	E_Africa	0.555	0.263	Low	ok	step4_subregion_uncertain	SE_Asia	0.428	0.038	Uncertain	ok	not_interpreted_step4_not_asia	E_Africa	0.555	0.263	Low	TRUE	FALSE	FALSE	FALSE	RF supports macroregion	RF macroregion call agrees with Step 04 macroregion call (RF=Africa, Step4=Africa) with accepted RF confidence (Moderate).	PASS	6	0	None	TRUE	FAIL	5	1	global_K_agreement	TRUE	TRUE	FALSE	macroregion	Africa	High	Macroregion PASS 6/6. Subregion FAIL 5/6. Unmet criteria: global_K_agreement.	1 of six subregion criteria unmet: global_K_agreement.	Report macroregion affinity only.	FAVV_2: genomic affinity to Africa (macroregion). Macroregion PASS 6/6. Subregion FAIL 5/6. Unmet criteria: global_K_agreement.	Consistent at macroregion level; subregion not reported	Known commodity-origin country is Cameroon, expected macroregion is Africa, and the reported genetic origin is Africa. Subregion is not reported because Step 04 subregion confidence/stability was insufficient (low_global_K_agreement).
FAVV_3	Ivory Coast	Africa	High	ok	11086	1	1	1	1	0.5	200	7	16	7	11078	W_Africa	High	ok	P2_Africa	11001	1	1	1	1	0.5	500	6	16	6	10993	Belgium	Belgium	Others	Other	FALSE	Africa	High	ok	1	1	1	1	7	W_Africa	High	ok	P2_Africa	1	1	1	1	6	Mango	Built-in FAVV/FASFC origin metadata from Vanbergen et al. 2025 Table 1	Africa	W_Africa	Africa	Macroregion-level interpretation from Vanbergen et al. 2025 Table 2 / discussion	Consistent with Vanbergen et al. 2025 macroregion	Africa	0.861	0.722	Moderate	ok	supports_step4_macroregion	E_Africa	0.517	0.193	Uncertain	ok	discordant_with_step4_subregion	SE_Asia	0.449	0.115	Uncertain	ok	not_interpreted_step4_not_asia	E_Africa	0.517	0.193	Uncertain	TRUE	FALSE	FALSE	FALSE	RF supports macroregion	RF macroregion call agrees with Step 04 macroregion call (RF=Africa, Step4=Africa) with accepted RF confidence (Moderate).	PASS	6	0	None	TRUE	PASS	6	0	None	TRUE	TRUE	TRUE	subregion	W_Africa	High	Macroregion PASS 6/6 and subregion PASS 6/6.	None. All six subregion criteria are met.	Report conditional subregion affinity.	FAVV_3: genomic affinity to W_Africa (subregion). Macroregion PASS 6/6 and subregion PASS 6/6.	Consistent at subregion level	Known commodity-origin country is Ivory Coast, expected subregion is W_Africa, and the reported genetic origin is W_Africa.
FAVV_4	Ivory Coast	Africa	High	ok	11086	1	1	1	1	0.5	200	7	16	7	11071	W_Africa	High	ok	P2_Africa	11001	1	1	1	1	0.5	500	6	16	6	10991	Belgium	Belgium	Others	Other	FALSE	Africa	High	ok	1	1	1	1	7	W_Africa	High	ok	P2_Africa	1	1	1	1	6	Mango	Built-in FAVV/FASFC origin metadata from Vanbergen et al. 2025 Table 1	Africa	W_Africa	Africa	Macroregion-level interpretation from Vanbergen et al. 2025 Table 2 / discussion	Consistent with Vanbergen et al. 2025 macroregion	Africa	0.861	0.722	Moderate	ok	supports_step4_macroregion	E_Africa	0.446	0.108	Uncertain	ok	discordant_with_step4_subregion	SE_Asia	0.404	0.019	Uncertain	ok	not_interpreted_step4_not_asia	E_Africa	0.446	0.108	Uncertain	TRUE	FALSE	FALSE	FALSE	RF supports macroregion	RF macroregion call agrees with Step 04 macroregion call (RF=Africa, Step4=Africa) with accepted RF confidence (Moderate).	PASS	6	0	None	TRUE	PASS	6	0	None	TRUE	TRUE	TRUE	subregion	W_Africa	High	Macroregion PASS 6/6 and subregion PASS 6/6.	None. All six subregion criteria are met.	Report conditional subregion affinity.	FAVV_4: genomic affinity to W_Africa (subregion). Macroregion PASS 6/6 and subregion PASS 6/6.	Consistent at subregion level	Known commodity-origin country is Ivory Coast, expected subregion is W_Africa, and the reported genetic origin is W_Africa.
FAVV_5	Senegal	Africa	High	ok	11086	1	1	1	1	0.5	200	7	16	7	11071	E_Africa	High	ok	P2_Africa	11001	1	1	1	1	0.5	500	6	16	6	10983	Belgium	Belgium	Others	Other	FALSE	Africa	High	ok	1	1	1	1	7	E_Africa	High	ok	P2_Africa	1	1	1	1	6	Mango	Built-in FAVV/FASFC origin metadata from Vanbergen et al. 2025 Table 1	Africa	W_Africa	Africa	Macroregion-level interpretation from Vanbergen et al. 2025 Table 2 / discussion	Consistent with Vanbergen et al. 2025 macroregion	Africa	0.854	0.708	Moderate	ok	supports_step4_macroregion	E_Africa	0.567	0.333	Low	ok	supports_step4_subregion	SE_Asia	0.418	0.049	Uncertain	ok	not_interpreted_step4_not_asia	E_Africa	0.567	0.333	Low	TRUE	TRUE	FALSE	FALSE	RF supports macroregion	RF macroregion call agrees with Step 04 macroregion call (RF=Africa, Step4=Africa) with accepted RF confidence (Moderate).	PASS	6	0	None	TRUE	PASS	6	0	None	TRUE	TRUE	TRUE	subregion	E_Africa	High	Macroregion PASS 6/6 and subregion PASS 6/6.	None. All six subregion criteria are met.	Report conditional subregion affinity.	FAVV_5: genomic affinity to E_Africa (subregion). Macroregion PASS 6/6 and subregion PASS 6/6.	Mismatch at subregion level	Potential subregional mismatch: sample came from Senegal (expected W_Africa), but the reported genetic origin is E_Africa. This may reflect limited subregional resolution, incomplete reference coverage, gene flow/admixture, or a true commodity/origin discrepancy.
FAVV_6	Ivory Coast	Africa	High	ok	11086	1	1	1	1	0.5	200	7	16	7	11074	W_Africa	High	ok	P2_Africa	11001	1	1	1	1	0.5	500	6	16	6	10985	Belgium	Belgium	Others	Other	FALSE	Africa	High	ok	1	1	1	1	7	W_Africa	High	ok	P2_Africa	1	1	1	1	6	Mango	Built-in FAVV/FASFC origin metadata from Vanbergen et al. 2025 Table 1	Africa	W_Africa	Africa	Macroregion-level interpretation from Vanbergen et al. 2025 Table 2 / discussion	Consistent with Vanbergen et al. 2025 macroregion	Africa	0.835	0.67	Low	ok	supports_step4_macroregion	E_Africa	0.444	0.106	Uncertain	ok	discordant_with_step4_subregion	S_Asia	0.442	0.103	Uncertain	ok	not_interpreted_step4_not_asia	E_Africa	0.444	0.106	Uncertain	TRUE	FALSE	FALSE	FALSE	RF weakly supports macroregion	RF macroregion top class agrees with Step 04 macroregion call (RF=Africa, Step4=Africa), but RF confidence is Low. This is directional agreement only, not strong independent corroboration. If subregion is not reported, this is due to Step 04 subregion filtering, e.g. ok, not because RF caused the subregion to be withheld.	PASS	6	0	None	TRUE	PASS	6	0	None	TRUE	TRUE	TRUE	subregion	W_Africa	High	Macroregion PASS 6/6 and subregion PASS 6/6.	None. All six subregion criteria are met.	Report conditional subregion affinity.	FAVV_6: genomic affinity to W_Africa (subregion). Macroregion PASS 6/6 and subregion PASS 6/6.	Consistent at subregion level	Known commodity-origin country is Ivory Coast, expected subregion is W_Africa, and the reported genetic origin is W_Africa.
FAVV_7	Senegal	Africa	High	ok	11086	1	1	1	1	0.5	200	7	16	7	11075	E_Africa	High	ok	P2_Africa	11001	1	1	1	1	0.5	500	6	16	6	10993	Belgium	Belgium	Others	Other	FALSE	Africa	High	ok	1	1	1	1	7	E_Africa	High	ok	P2_Africa	1	1	1	1	6	Mango	Built-in FAVV/FASFC origin metadata from Vanbergen et al. 2025 Table 1	Africa	W_Africa	Africa	Macroregion-level interpretation from Vanbergen et al. 2025 Table 2 / discussion	Consistent with Vanbergen et al. 2025 macroregion	Africa	0.846	0.692	Low	ok	supports_step4_macroregion	E_Africa	0.573	0.343	Low	ok	supports_step4_subregion	SE_Asia	0.427	0.105	Uncertain	ok	not_interpreted_step4_not_asia	E_Africa	0.573	0.343	Low	TRUE	TRUE	FALSE	FALSE	RF weakly supports macroregion	RF macroregion top class agrees with Step 04 macroregion call (RF=Africa, Step4=Africa), but RF confidence is Low. This is directional agreement only, not strong independent corroboration. If subregion is not reported, this is due to Step 04 subregion filtering, e.g. ok, not because RF caused the subregion to be withheld.	PASS	6	0	None	TRUE	PASS	6	0	None	TRUE	TRUE	TRUE	subregion	E_Africa	High	Macroregion PASS 6/6 and subregion PASS 6/6.	None. All six subregion criteria are met.	Report conditional subregion affinity.	FAVV_7: genomic affinity to E_Africa (subregion). Macroregion PASS 6/6 and subregion PASS 6/6.	Mismatch at subregion level	Potential subregional mismatch: sample came from Senegal (expected W_Africa), but the reported genetic origin is E_Africa. This may reflect limited subregional resolution, incomplete reference coverage, gene flow/admixture, or a true commodity/origin discrepancy.
