sample_id	reported_origin	reported_level	macroregion_status	macroregion_criteria_met	subregion_status	subregion_criteria_met	reported_confidence	macroregion_unmet_criteria	subregion_unmet_criteria	rf_corroboration	commodity_origin_vs_assignment	country	population	macroregion_3	subregion	sample_origin_country	sample_origin_country_source	commodity	expected_macroregion_from_origin_country	expected_subregion_from_origin_country	macroregion_criteria_unmet	subregion_criteria_unmet	commodity_origin_mismatch_detail	rf_corroboration_detail	subregion_withheld_explanation	action_note	report_statement	vanbergen_macroregion	vanbergen_macroregion_consistency	step4_macroregion_call	step4_macroregion_confidence	step4_macroregion_reason	step4_subregion_call	step4_subregion_confidence	step4_subregion_reason	rf_macro_call	rf_macro_confidence	rf_relevant_subregion_call	rf_relevant_subregion_confidence
Bd_2023_1	Uncertain	uncertain	FAIL	5	NOT_EVALUATED		Uncertain	usable_K_count		RF supports macroregion	Not assessable: sample-origin country unknown	Belgium	Belgium	Others	Other	Unknown	Unknown for trapped adults or unavailable metadata				1		No known commodity-origin country is available for this sample. This is expected for trapped adults.	RF macroregion call agrees with Step 04 macroregion call (RF=Asia, Step4=Asia) with accepted RF confidence (Moderate).	Subregion was not evaluated because macroregion failed.	Report unresolved genomic assignment.	Bd_2023_1: genomic assignment unresolved. Macroregion FAIL 5/6. Unmet criteria: usable_K_count. Subregion NOT_EVALUATED.	Asia	Consistent with Vanbergen et al. 2025 macroregion	Asia	Uncertain	too_few_usable_K		Uncertain	macroregion_uncertain	Asia	Moderate	SE_Asia	Low
Bd_2023_2	Uncertain	uncertain	FAIL	5	NOT_EVALUATED		Uncertain	usable_K_count		RF inconclusive	Not assessable: sample-origin country unknown	Belgium	Belgium	Others	Other	Unknown	Unknown for trapped adults or unavailable metadata				1		No known commodity-origin country is available for this sample. This is expected for trapped adults.	RF did not provide a clear accepted-confidence corroboration or contradiction.	Subregion was not evaluated because macroregion failed.	Report unresolved genomic assignment.	Bd_2023_2: genomic assignment unresolved. Macroregion FAIL 5/6. Unmet criteria: usable_K_count. Subregion NOT_EVALUATED.	Africa	Consistent with Vanbergen et al. 2025 macroregion	Africa	Uncertain	too_few_usable_K		Uncertain	macroregion_uncertain	Asia	Low	E_Africa	Low
Bd_2023_3	Uncertain	uncertain	FAIL	5	NOT_EVALUATED		Uncertain	usable_K_count		RF supports macroregion	Not assessable: sample-origin country unknown	Belgium	Belgium	Others	Other	Unknown	Unknown for trapped adults or unavailable metadata				1		No known commodity-origin country is available for this sample. This is expected for trapped adults.	RF macroregion call agrees with Step 04 macroregion call (RF=Asia, Step4=Asia) with accepted RF confidence (Moderate).	Subregion was not evaluated because macroregion failed.	Report unresolved genomic assignment.	Bd_2023_3: genomic assignment unresolved. Macroregion FAIL 5/6. Unmet criteria: usable_K_count. Subregion NOT_EVALUATED.	Asia	Consistent with Vanbergen et al. 2025 macroregion	Asia	Uncertain	too_few_usable_K		Uncertain	macroregion_uncertain	Asia	Moderate	SE_Asia	Low
Bd_2023_4	S_Asia	subregion	PASS	6	PASS	6	High	None	None	RF supports macroregion	Not assessable: sample-origin country unknown	Belgium	Belgium	Others	Other	Unknown	Unknown for trapped adults or unavailable metadata				0	0	No known commodity-origin country is available for this sample. This is expected for trapped adults.	RF macroregion call agrees with Step 04 macroregion call (RF=Asia, Step4=Asia) with accepted RF confidence (High).	None. All six subregion criteria are met.	Report conditional subregion affinity.	Bd_2023_4: genomic affinity to S_Asia (subregion). Macroregion PASS 6/6 and subregion PASS 6/6.	Asia	Consistent with Vanbergen et al. 2025 macroregion	Asia	High	ok	S_Asia	High	ok	Asia	High	S_Asia	Uncertain
Bd_2023_5	Asia	macroregion	PASS	6	FAIL	5	High	None	global_K_agreement	RF supports macroregion	Not assessable: sample-origin country unknown	Belgium	Belgium	Others	Other	Unknown	Unknown for trapped adults or unavailable metadata				0	1	No known commodity-origin country is available for this sample. This is expected for trapped adults.	RF macroregion call agrees with Step 04 macroregion call (RF=Asia, Step4=Asia) with accepted RF confidence (High).	1 of six subregion criteria unmet: global_K_agreement.	Report macroregion affinity only.	Bd_2023_5: genomic affinity to Asia (macroregion). Macroregion PASS 6/6. Subregion FAIL 5/6. Unmet criteria: global_K_agreement.	Asia	Consistent with Vanbergen et al. 2025 macroregion	Asia	High	ok	E_Asia	Uncertain	low_global_K_agreement	Asia	High	E_Asia	Uncertain
Bd_2023_6	S_Asia	subregion	PASS	6	PASS	6	High	None	None	RF supports macroregion	Not assessable: sample-origin country unknown	Belgium	Belgium	Others	Other	Unknown	Unknown for trapped adults or unavailable metadata				0	0	No known commodity-origin country is available for this sample. This is expected for trapped adults.	RF macroregion call agrees with Step 04 macroregion call (RF=Asia, Step4=Asia) with accepted RF confidence (High).	None. All six subregion criteria are met.	Report conditional subregion affinity.	Bd_2023_6: genomic affinity to S_Asia (subregion). Macroregion PASS 6/6 and subregion PASS 6/6.	Asia	Consistent with Vanbergen et al. 2025 macroregion	Asia	High	ok	S_Asia	High	ok	Asia	High	S_Asia	Uncertain
Bd_2023_7	Africa	macroregion	PASS	6	FAIL	5	High	None	global_K_agreement	RF supports macroregion	Not assessable: sample-origin country unknown	Belgium	Belgium	Others	Other	Unknown	Unknown for trapped adults or unavailable metadata				0	1	No known commodity-origin country is available for this sample. This is expected for trapped adults.	RF macroregion call agrees with Step 04 macroregion call (RF=Africa, Step4=Africa) with accepted RF confidence (Moderate).	1 of six subregion criteria unmet: global_K_agreement.	Report macroregion affinity only.	Bd_2023_7: genomic affinity to Africa (macroregion). Macroregion PASS 6/6. Subregion FAIL 5/6. Unmet criteria: global_K_agreement.	Africa	Consistent with Vanbergen et al. 2025 macroregion	Africa	High	ok	E_Africa	Uncertain	low_global_K_agreement	Africa	Moderate	E_Africa	Low
Bd_2024_1	S_Asia	subregion	PASS	6	PASS	6	High	None	None	RF supports macroregion	Not assessable: sample-origin country unknown	Belgium	Belgium	Others	Other	Unknown	Unknown for trapped adults or unavailable metadata				0	0	No known commodity-origin country is available for this sample. This is expected for trapped adults.	RF macroregion call agrees with Step 04 macroregion call (RF=Asia, Step4=Asia) with accepted RF confidence (High).	None. All six subregion criteria are met.	Report conditional subregion affinity.	Bd_2024_1: genomic affinity to S_Asia (subregion). Macroregion PASS 6/6 and subregion PASS 6/6.	Asia	Consistent with Vanbergen et al. 2025 macroregion	Asia	High	ok	S_Asia	High	ok	Asia	High	S_Asia	Uncertain
Bd_2024_2	Africa	macroregion	PASS	6	FAIL	4	High	None	global_K_agreement; tail_K_agreement	RF supports macroregion	Not assessable: sample-origin country unknown	Belgium	Belgium	Others	Other	Unknown	Unknown for trapped adults or unavailable metadata				0	2	No known commodity-origin country is available for this sample. This is expected for trapped adults.	RF macroregion call agrees with Step 04 macroregion call (RF=Africa, Step4=Africa) with accepted RF confidence (Moderate).	2 of six subregion criteria unmet: global_K_agreement; tail_K_agreement.	Report macroregion affinity only.	Bd_2024_2: genomic affinity to Africa (macroregion). Macroregion PASS 6/6. Subregion FAIL 4/6. Unmet criteria: global_K_agreement; tail_K_agreement.	Africa	Consistent with Vanbergen et al. 2025 macroregion	Africa	High	ok	E_Africa	Uncertain	low_global_K_agreement	Africa	Moderate	E_Africa	Low
Bd_2024_3	S_Asia	subregion	PASS	6	PASS	6	High	None	None	RF supports macroregion	Not assessable: sample-origin country unknown	Belgium	Belgium	Others	Other	Unknown	Unknown for trapped adults or unavailable metadata				0	0	No known commodity-origin country is available for this sample. This is expected for trapped adults.	RF macroregion call agrees with Step 04 macroregion call (RF=Asia, Step4=Asia) with accepted RF confidence (Moderate).	None. All six subregion criteria are met.	Report conditional subregion affinity.	Bd_2024_3: genomic affinity to S_Asia (subregion). Macroregion PASS 6/6 and subregion PASS 6/6.	Asia	Consistent with Vanbergen et al. 2025 macroregion	Asia	High	ok	S_Asia	High	ok	Asia	Moderate	SE_Asia	Uncertain
Bd_2024_4	S_Asia	subregion	PASS	6	PASS	6	High	None	None	RF supports macroregion	Not assessable: sample-origin country unknown	Belgium	Belgium	Others	Other	Unknown	Unknown for trapped adults or unavailable metadata				0	0	No known commodity-origin country is available for this sample. This is expected for trapped adults.	RF macroregion call agrees with Step 04 macroregion call (RF=Asia, Step4=Asia) with accepted RF confidence (Moderate).	None. All six subregion criteria are met.	Report conditional subregion affinity.	Bd_2024_4: genomic affinity to S_Asia (subregion). Macroregion PASS 6/6 and subregion PASS 6/6.	Asia	Consistent with Vanbergen et al. 2025 macroregion	Asia	High	ok	S_Asia	High	ok	Asia	Moderate	E_Asia	Uncertain
FAVV_1	Africa	macroregion	PASS	6	FAIL	4	High	None	global_K_agreement; tail_K_agreement	RF supports macroregion	Consistent at macroregion level; subregion not reported	Belgium	Belgium	Others	Other	Cameroon	Built-in FAVV/FASFC origin metadata from Vanbergen et al. 2025 Table 1	Mango	Africa	C_Africa	0	2	Known commodity-origin country is Cameroon, expected macroregion is Africa, and the reported genetic origin is Africa. Subregion is not reported because Step 04 subregion confidence/stability was insufficient (low_global_K_agreement).	RF macroregion call agrees with Step 04 macroregion call (RF=Africa, Step4=Africa) with accepted RF confidence (Moderate).	2 of six subregion criteria unmet: global_K_agreement; tail_K_agreement.	Report macroregion affinity only.	FAVV_1: genomic affinity to Africa (macroregion). Macroregion PASS 6/6. Subregion FAIL 4/6. Unmet criteria: global_K_agreement; tail_K_agreement.	Africa	Consistent with Vanbergen et al. 2025 macroregion	Africa	High	ok	W_Africa	Uncertain	low_global_K_agreement	Africa	Moderate	E_Africa	Uncertain
FAVV_11	Africa	macroregion	PASS	6	FAIL	4	High	None	global_K_agreement; tail_K_agreement	RF supports macroregion	Consistent at macroregion level; subregion not reported	Belgium	Belgium	Others	Other	Burkina Faso	Built-in FAVV/FASFC origin metadata from Vanbergen et al. 2025 Table 1	Mango	Africa	W_Africa	0	2	Known commodity-origin country is Burkina Faso, expected macroregion is Africa, and the reported genetic origin is Africa. Subregion is not reported because Step 04 subregion confidence/stability was insufficient (low_global_K_agreement).	RF macroregion call agrees with Step 04 macroregion call (RF=Africa, Step4=Africa) with accepted RF confidence (Moderate).	2 of six subregion criteria unmet: global_K_agreement; tail_K_agreement.	Report macroregion affinity only.	FAVV_11: genomic affinity to Africa (macroregion). Macroregion PASS 6/6. Subregion FAIL 4/6. Unmet criteria: global_K_agreement; tail_K_agreement.	Africa	Consistent with Vanbergen et al. 2025 macroregion	Africa	High	ok	W_Africa	Uncertain	low_global_K_agreement	Africa	Moderate	E_Africa	Uncertain
FAVV_12	Africa	macroregion	PASS	6	FAIL	5	High	None	global_K_agreement	RF weakly supports macroregion	Consistent at macroregion level; subregion not reported	Belgium	Belgium	Others	Other	Senegal	Built-in FAVV/FASFC origin metadata from Vanbergen et al. 2025 Table 1	Mango	Africa	W_Africa	0	1	Known commodity-origin country is Senegal, expected macroregion is Africa, and the reported genetic origin is Africa. Subregion is not reported because Step 04 subregion confidence/stability was insufficient (low_global_K_agreement).	RF macroregion top class agrees with Step 04 macroregion call (RF=Africa, Step4=Africa), but RF confidence is Low. This is directional agreement only, not strong independent corroboration. If subregion is not reported, this is due to Step 04 subregion filtering, e.g. low_global_K_agreement, not because RF caused the subregion to be withheld.	1 of six subregion criteria unmet: global_K_agreement.	Report macroregion affinity only.	FAVV_12: genomic affinity to Africa (macroregion). Macroregion PASS 6/6. Subregion FAIL 5/6. Unmet criteria: global_K_agreement.	Africa	Consistent with Vanbergen et al. 2025 macroregion	Africa	High	ok	W_Africa	Uncertain	low_global_K_agreement	Africa	Low	E_Africa	Uncertain
FAVV_13	W_Africa	subregion	PASS	6	PASS	6	High	None	None	RF supports macroregion	Consistent at subregion level	Belgium	Belgium	Others	Other	Senegal	Built-in FAVV/FASFC origin metadata from Vanbergen et al. 2025 Table 1	Mango	Africa	W_Africa	0	0	Known commodity-origin country is Senegal, expected subregion is W_Africa, and the reported genetic origin is W_Africa.	RF macroregion call agrees with Step 04 macroregion call (RF=Africa, Step4=Africa) with accepted RF confidence (Moderate).	None. All six subregion criteria are met.	Report conditional subregion affinity.	FAVV_13: genomic affinity to W_Africa (subregion). Macroregion PASS 6/6 and subregion PASS 6/6.	Africa	Consistent with Vanbergen et al. 2025 macroregion	Africa	High	ok	W_Africa	High	ok	Africa	Moderate	E_Africa	Uncertain
FAVV_14	S_Asia	subregion	PASS	6	PASS	6	High	None	None	RF supports macroregion	Consistent at subregion level	Belgium	Belgium	Others	Other	Bangladesh	Built-in FAVV/FASFC origin metadata from Vanbergen et al. 2025 Table 1	Mango	Asia	S_Asia	0	0	Known commodity-origin country is Bangladesh, expected subregion is S_Asia, and the reported genetic origin is S_Asia.	RF macroregion call agrees with Step 04 macroregion call (RF=Asia, Step4=Asia) with accepted RF confidence (Moderate).	None. All six subregion criteria are met.	Report conditional subregion affinity.	FAVV_14: genomic affinity to S_Asia (subregion). Macroregion PASS 6/6 and subregion PASS 6/6.	Asia	Consistent with Vanbergen et al. 2025 macroregion	Asia	High	ok	S_Asia	High	ok	Asia	Moderate	S_Asia	Low
FAVV_2	Africa	macroregion	PASS	6	FAIL	5	High	None	global_K_agreement	RF supports macroregion	Consistent at macroregion level; subregion not reported	Belgium	Belgium	Others	Other	Cameroon	Built-in FAVV/FASFC origin metadata from Vanbergen et al. 2025 Table 1	Mango	Africa	C_Africa	0	1	Known commodity-origin country is Cameroon, expected macroregion is Africa, and the reported genetic origin is Africa. Subregion is not reported because Step 04 subregion confidence/stability was insufficient (low_global_K_agreement).	RF macroregion call agrees with Step 04 macroregion call (RF=Africa, Step4=Africa) with accepted RF confidence (Moderate).	1 of six subregion criteria unmet: global_K_agreement.	Report macroregion affinity only.	FAVV_2: genomic affinity to Africa (macroregion). Macroregion PASS 6/6. Subregion FAIL 5/6. Unmet criteria: global_K_agreement.	Africa	Consistent with Vanbergen et al. 2025 macroregion	Africa	High	ok	W_Africa	Uncertain	low_global_K_agreement	Africa	Moderate	E_Africa	Low
FAVV_3	W_Africa	subregion	PASS	6	PASS	6	High	None	None	RF supports macroregion	Consistent at subregion level	Belgium	Belgium	Others	Other	Ivory Coast	Built-in FAVV/FASFC origin metadata from Vanbergen et al. 2025 Table 1	Mango	Africa	W_Africa	0	0	Known commodity-origin country is Ivory Coast, expected subregion is W_Africa, and the reported genetic origin is W_Africa.	RF macroregion call agrees with Step 04 macroregion call (RF=Africa, Step4=Africa) with accepted RF confidence (Moderate).	None. All six subregion criteria are met.	Report conditional subregion affinity.	FAVV_3: genomic affinity to W_Africa (subregion). Macroregion PASS 6/6 and subregion PASS 6/6.	Africa	Consistent with Vanbergen et al. 2025 macroregion	Africa	High	ok	W_Africa	High	ok	Africa	Moderate	E_Africa	Uncertain
FAVV_4	W_Africa	subregion	PASS	6	PASS	6	High	None	None	RF supports macroregion	Consistent at subregion level	Belgium	Belgium	Others	Other	Ivory Coast	Built-in FAVV/FASFC origin metadata from Vanbergen et al. 2025 Table 1	Mango	Africa	W_Africa	0	0	Known commodity-origin country is Ivory Coast, expected subregion is W_Africa, and the reported genetic origin is W_Africa.	RF macroregion call agrees with Step 04 macroregion call (RF=Africa, Step4=Africa) with accepted RF confidence (Moderate).	None. All six subregion criteria are met.	Report conditional subregion affinity.	FAVV_4: genomic affinity to W_Africa (subregion). Macroregion PASS 6/6 and subregion PASS 6/6.	Africa	Consistent with Vanbergen et al. 2025 macroregion	Africa	High	ok	W_Africa	High	ok	Africa	Moderate	E_Africa	Uncertain
FAVV_5	E_Africa	subregion	PASS	6	PASS	6	High	None	None	RF supports macroregion	Mismatch at subregion level	Belgium	Belgium	Others	Other	Senegal	Built-in FAVV/FASFC origin metadata from Vanbergen et al. 2025 Table 1	Mango	Africa	W_Africa	0	0	Potential subregional mismatch: sample came from Senegal (expected W_Africa), but the reported genetic origin is E_Africa. This may reflect limited subregional resolution, incomplete reference coverage, gene flow/admixture, or a true commodity/origin discrepancy.	RF macroregion call agrees with Step 04 macroregion call (RF=Africa, Step4=Africa) with accepted RF confidence (Moderate).	None. All six subregion criteria are met.	Report conditional subregion affinity.	FAVV_5: genomic affinity to E_Africa (subregion). Macroregion PASS 6/6 and subregion PASS 6/6.	Africa	Consistent with Vanbergen et al. 2025 macroregion	Africa	High	ok	E_Africa	High	ok	Africa	Moderate	E_Africa	Low
FAVV_6	W_Africa	subregion	PASS	6	PASS	6	High	None	None	RF weakly supports macroregion	Consistent at subregion level	Belgium	Belgium	Others	Other	Ivory Coast	Built-in FAVV/FASFC origin metadata from Vanbergen et al. 2025 Table 1	Mango	Africa	W_Africa	0	0	Known commodity-origin country is Ivory Coast, expected subregion is W_Africa, and the reported genetic origin is W_Africa.	RF macroregion top class agrees with Step 04 macroregion call (RF=Africa, Step4=Africa), but RF confidence is Low. This is directional agreement only, not strong independent corroboration. If subregion is not reported, this is due to Step 04 subregion filtering, e.g. ok, not because RF caused the subregion to be withheld.	None. All six subregion criteria are met.	Report conditional subregion affinity.	FAVV_6: genomic affinity to W_Africa (subregion). Macroregion PASS 6/6 and subregion PASS 6/6.	Africa	Consistent with Vanbergen et al. 2025 macroregion	Africa	High	ok	W_Africa	High	ok	Africa	Low	E_Africa	Uncertain
FAVV_7	E_Africa	subregion	PASS	6	PASS	6	High	None	None	RF weakly supports macroregion	Mismatch at subregion level	Belgium	Belgium	Others	Other	Senegal	Built-in FAVV/FASFC origin metadata from Vanbergen et al. 2025 Table 1	Mango	Africa	W_Africa	0	0	Potential subregional mismatch: sample came from Senegal (expected W_Africa), but the reported genetic origin is E_Africa. This may reflect limited subregional resolution, incomplete reference coverage, gene flow/admixture, or a true commodity/origin discrepancy.	RF macroregion top class agrees with Step 04 macroregion call (RF=Africa, Step4=Africa), but RF confidence is Low. This is directional agreement only, not strong independent corroboration. If subregion is not reported, this is due to Step 04 subregion filtering, e.g. ok, not because RF caused the subregion to be withheld.	None. All six subregion criteria are met.	Report conditional subregion affinity.	FAVV_7: genomic affinity to E_Africa (subregion). Macroregion PASS 6/6 and subregion PASS 6/6.	Africa	Consistent with Vanbergen et al. 2025 macroregion	Africa	High	ok	E_Africa	High	ok	Africa	Low	E_Africa	Low
