omitted_export	retained_file	bytes	sha256
results/validation/04_mascarene_coding_sensitivity/return_bundle/baseline_asia_P2_loo_perclass.tsv	results/validation/04_mascarene_coding_sensitivity/scenarios/excluded_other/05_loo_validation/LOO_P2_africa_subregion_loo_perclass.tsv	421	167e3b5d5e9483928afea00d37577085f990155ae05d10a45d3ba67f5e3ce358
results/validation/04_mascarene_coding_sensitivity/return_bundle/baseline_asia_P2_loo_summary.tsv	results/validation/04_mascarene_coding_sensitivity/scenarios/excluded_other/05_loo_validation/LOO_P2_africa_subregion_loo_summary.tsv	492	adff893471528bd802c6be6c67fb6943ebba814d2c079a56ebd19ccd28a96f15
results/validation/04_mascarene_coding_sensitivity/return_bundle/excluded_other_P1_loo_perclass.tsv	results/validation/04_mascarene_coding_sensitivity/scenarios/excluded_other/05_loo_validation/LOO_P1_macroregion_loo_perclass.tsv	226	fdd207542b13c422969a01dc54fcd5c4ee07de0aca0150a3f4d50ede7e02d0d5
results/validation/04_mascarene_coding_sensitivity/return_bundle/excluded_other_P1_loo_summary.tsv	results/validation/04_mascarene_coding_sensitivity/scenarios/excluded_other/05_loo_validation/LOO_P1_macroregion_loo_summary.tsv	355	729ed0dcbbd203afc3fbd3f72c0c93709a021d25b8706d8386d326ff291d5a14
results/validation/04_mascarene_coding_sensitivity/return_bundle/excluded_other_P2_loo_perclass.tsv	results/validation/04_mascarene_coding_sensitivity/scenarios/excluded_other/05_loo_validation/LOO_P2_africa_subregion_loo_perclass.tsv	421	167e3b5d5e9483928afea00d37577085f990155ae05d10a45d3ba67f5e3ce358
results/validation/04_mascarene_coding_sensitivity/return_bundle/excluded_other_P2_loo_summary.tsv	results/validation/04_mascarene_coding_sensitivity/scenarios/excluded_other/05_loo_validation/LOO_P2_africa_subregion_loo_summary.tsv	492	adff893471528bd802c6be6c67fb6943ebba814d2c079a56ebd19ccd28a96f15
results/validation/04_mascarene_coding_sensitivity/return_bundle/excluded_other_P3_loo_perclass.tsv	results/validation/04_mascarene_coding_sensitivity/scenarios/geo_africa/05_loo_validation/LOO_P3_asia_subregion_loo_perclass.tsv	333	2f2272cf49c97e0d8bd2e2ad0c1ad6d5d4ad9121725ad9565007d8341d0174a0
results/validation/04_mascarene_coding_sensitivity/return_bundle/excluded_other_P3_loo_summary.tsv	results/validation/04_mascarene_coding_sensitivity/scenarios/geo_africa/05_loo_validation/LOO_P3_asia_subregion_loo_summary.tsv	492	b6fcd3727efb502e372db6685fca36dd0fa9b87d475f8840dc4ba35d187511bc
results/validation/04_mascarene_coding_sensitivity/return_bundle/excluded_other_final_assignment.tsv	results/validation/04_mascarene_coding_sensitivity/scenarios/excluded_other/04_origin_assignment/final_assignment.tsv	4486	c7885e8db892965d0b835111472720fab22b5f156273e94bfbe29829ce6e3fa4
results/validation/04_mascarene_coding_sensitivity/return_bundle/geo_africa_P1_loo_perclass.tsv	results/validation/04_mascarene_coding_sensitivity/scenarios/geo_africa/05_loo_validation/LOO_P1_macroregion_loo_perclass.tsv	265	7ea81b80394e37348f86684f3c9ccbad0fccd97ac15dc27ccb17f8133b820b91
results/validation/04_mascarene_coding_sensitivity/return_bundle/geo_africa_P1_loo_summary.tsv	results/validation/04_mascarene_coding_sensitivity/scenarios/geo_africa/05_loo_validation/LOO_P1_macroregion_loo_summary.tsv	458	4325f4d48f38652320c7d81dd9fbf14b41e8c05fb142c4f43ad03c384e79e865
results/validation/04_mascarene_coding_sensitivity/return_bundle/geo_africa_P2_loo_perclass.tsv	results/validation/04_mascarene_coding_sensitivity/scenarios/geo_africa/05_loo_validation/LOO_P2_africa_subregion_loo_perclass.tsv	425	5ad579ad85f7d97884bc3c4b22bfb4a9949de68f3fc620b872bcf7a3ab005b89
results/validation/04_mascarene_coding_sensitivity/return_bundle/geo_africa_P2_loo_summary.tsv	results/validation/04_mascarene_coding_sensitivity/scenarios/geo_africa/05_loo_validation/LOO_P2_africa_subregion_loo_summary.tsv	523	148aa8654d6a85f70109ebae030fa8aef52b7da017a819b3fec1f2ebdb08ff50
results/validation/04_mascarene_coding_sensitivity/return_bundle/geo_africa_P3_loo_perclass.tsv	results/validation/04_mascarene_coding_sensitivity/scenarios/geo_africa/05_loo_validation/LOO_P3_asia_subregion_loo_perclass.tsv	333	2f2272cf49c97e0d8bd2e2ad0c1ad6d5d4ad9121725ad9565007d8341d0174a0
results/validation/04_mascarene_coding_sensitivity/return_bundle/geo_africa_P3_loo_summary.tsv	results/validation/04_mascarene_coding_sensitivity/scenarios/geo_africa/05_loo_validation/LOO_P3_asia_subregion_loo_summary.tsv	492	b6fcd3727efb502e372db6685fca36dd0fa9b87d475f8840dc4ba35d187511bc
results/validation/04_mascarene_coding_sensitivity/return_bundle/geo_africa_final_assignment.tsv	results/validation/04_mascarene_coding_sensitivity/scenarios/geo_africa/04_origin_assignment/final_assignment.tsv	4363	495be395c801c77709ce6e63051202ba7171248cf9760ad7bca500633b74504e
results/validation/05_reference_downsampling/return_bundle/FIG_reference_downsampling_sensitivity.pdf	results/validation/05_reference_downsampling/FIG_reference_downsampling_sensitivity.pdf	12105	e44dc4e6c5b499cc8e9ac307acf8ff777aa559f481bd2bf452c762159122d028
results/validation/05_reference_downsampling/return_bundle/REFERENCE_DOWNSAMPLING_SUMMARY.txt	results/validation/05_reference_downsampling/REFERENCE_DOWNSAMPLING_SUMMARY.txt	2031	b198fe908a5fb88da14c6437548ae2ea418db54dbcd4ff8ffc1bf785042235a1
results/validation/05_reference_downsampling/return_bundle/baseline_individual_loo_summary.tsv	results/validation/05_reference_downsampling/baseline_individual_loo_summary.tsv	869	d1cfad52a894db6242b50d35dd23dce1c6adf2e9f1c48b843ae0ce286fb227a2
results/validation/05_reference_downsampling/return_bundle/baseline_query_assignments_by_panel.tsv	results/validation/05_reference_downsampling/baseline_query_assignments_by_panel.tsv	3337	0ff701ceb2ee459b3d013047dd8bbe931b933c321666d938a4024ce644a46520
results/validation/05_reference_downsampling/return_bundle/downsampling_K_grid.tsv.gz	results/validation/05_reference_downsampling/downsampling_K_grid.tsv.gz	23596	044f6531ee26a030f7281fb40cebee835a8635b3000aa62f483aefe4a402be68
results/validation/05_reference_downsampling/return_bundle/downsampling_design.tsv	results/validation/05_reference_downsampling/downsampling_design.tsv	1138	7e5ce7ab38d8be8424128fcf98fd7f3ebb6617db50d1ce8078f07fed1350afd9
results/validation/05_reference_downsampling/return_bundle/downsampling_marker_overlap.tsv.gz	results/validation/05_reference_downsampling/downsampling_marker_overlap.tsv.gz	32116	e8d5fda99be5db38288edd69e5c4c0a92df32cc70c7a06c168f43945818ad155
results/validation/05_reference_downsampling/return_bundle/downsampling_marker_overlap_summary.tsv	results/validation/05_reference_downsampling/downsampling_marker_overlap_summary.tsv	8684	39edb707f3155b4828e2b01d16853638e024ff4323f649b21df378e3bab47c17
results/validation/05_reference_downsampling/return_bundle/downsampling_marker_stats.tsv	results/validation/05_reference_downsampling/downsampling_marker_stats.tsv	61755	41fb3e64b90d8592b86ec2cb92dfed1099311a2e05ed0870bff719c12bdfbe9d
results/validation/05_reference_downsampling/return_bundle/downsampling_marker_summary.tsv	results/validation/05_reference_downsampling/downsampling_marker_summary.tsv	2741	742d5ff86850bc85bbbbd1e0a7881f9fcfef817b4fc50ee21145af9f75df1c75
results/validation/05_reference_downsampling/return_bundle/downsampling_panel_index.tsv	results/validation/05_reference_downsampling/downsampling_panel_index.tsv	458	e8ca301e427b2c356f5067bda556540e0984f1e26055e200202f11d25abd1a1a
results/validation/05_reference_downsampling/return_bundle/downsampling_params.tsv	results/validation/05_reference_downsampling/downsampling_params.tsv	695	121c5ac7ee796dc97790e31446ac6286e0ad8b6c6fb36681832276190146e55c
results/validation/05_reference_downsampling/return_bundle/downsampling_per_class_replicate.tsv	results/validation/05_reference_downsampling/downsampling_per_class_replicate.tsv	107155	fcc217f2c1385ec6d2da4e5ccd76d7b17e6fcf97bb3c123c4f1e3343e3fca004
results/validation/05_reference_downsampling/return_bundle/downsampling_per_class_summary.tsv	results/validation/05_reference_downsampling/downsampling_per_class_summary.tsv	4673	e3dd6aa6c73307c42c4cdf815eb747ba972f7119921eefefa18037275eaa9781
results/validation/05_reference_downsampling/return_bundle/downsampling_performance_summary.tsv	results/validation/05_reference_downsampling/downsampling_performance_summary.tsv	3779	14b5ac1f7719bac5ede63c2ac9a71b5d7a493b4794893189c0b08f026eb4922f
results/validation/05_reference_downsampling/return_bundle/downsampling_pooled_performance.tsv	results/validation/05_reference_downsampling/downsampling_pooled_performance.tsv	1984	3eb63c13e56aa2fc32ff74329e5727fe247421d46e1301c0c62f5b801ecaacb4
results/validation/05_reference_downsampling/return_bundle/downsampling_query_overall_summary.tsv	results/validation/05_reference_downsampling/downsampling_query_overall_summary.tsv	2041	a12f6312adc65d75ca6706524cf59c42af2a21402529b0e3cc56e2c8f4c337c6
results/validation/05_reference_downsampling/return_bundle/downsampling_query_predictions.tsv.gz	results/validation/05_reference_downsampling/downsampling_query_predictions.tsv.gz	99536	5d6d06dbd410985dd0a8b18e3f828e37a20004fa3c832f1ab03ef4d751bde262
results/validation/05_reference_downsampling/return_bundle/downsampling_query_replicate.tsv	results/validation/05_reference_downsampling/downsampling_query_replicate.tsv	49165	8f3499a70222d5886ef8f888c9b025af8cb45177e9e739ffb6be40459279bd5d
results/validation/05_reference_downsampling/return_bundle/downsampling_query_stability.tsv	results/validation/05_reference_downsampling/downsampling_query_stability.tsv	32512	c12d560c2c1705d80935b38b933f6652f8cc11e7a35236b35db9caccf6bd1d8d
results/validation/05_reference_downsampling/return_bundle/downsampling_reference_counts.tsv	results/validation/05_reference_downsampling/downsampling_reference_counts.tsv	569	2d295e144f2018620837886ba870144de02798110c816368fc73392f4438476f
results/validation/05_reference_downsampling/return_bundle/downsampling_replicate_performance.tsv	results/validation/05_reference_downsampling/downsampling_replicate_performance.tsv	60815	d51326ca448c842b16e0a1945e260849a8298e4df0a4f25a2d008cd4963683c2
results/validation/05_reference_downsampling/return_bundle/downsampling_test_manifest.tsv.gz	results/validation/05_reference_downsampling/downsampling_test_manifest.tsv.gz	22557	9b4b18930de9221313652f4d891a580157b9a36618eb6904f5b95dc36f1875b9
results/validation/05_reference_downsampling/return_bundle/downsampling_test_predictions.tsv.gz	results/validation/05_reference_downsampling/downsampling_test_predictions.tsv.gz	81311	05ca591dc87de8bf563223418f5d083bc95ac5a236232cb663a248f5e2e2b639
results/validation/05_reference_downsampling/return_bundle/downsampling_training_manifest.tsv.gz	results/validation/05_reference_downsampling/downsampling_training_manifest.tsv.gz	118411	33caf8eb21f82fa91bb55c2ee980877d0c070e170899ce6bb87564b9d0128d6c
results/validation/05_reference_downsampling/return_bundle/reference_downsampling_run_info.rds	results/validation/05_reference_downsampling/reference_downsampling_run_info.rds	6717	e82217b68517dff72c6476ad61ea15addae9b06224fbde196a49fa2664ea228f
results/validation/06_marker_resampling/return_bundle/FIG_marker_resampling_sensitivity.pdf	results/validation/06_marker_resampling/FIG_marker_resampling_sensitivity.pdf	7985	b20662799dd37a5f9dfd134cfa3d5883c1727d968904a6c19333a03bc7158278
results/validation/06_marker_resampling/return_bundle/MARKER_RESAMPLING_SUMMARY.txt	results/validation/06_marker_resampling/MARKER_RESAMPLING_SUMMARY.txt	3801	05ccbf037c35b5ba9ed1eb685911d8e88bc0e4c31c372b7de9b02c8487953c78
results/validation/06_marker_resampling/return_bundle/baseline_fixed_topK_loo_performance.tsv	results/validation/06_marker_resampling/baseline_fixed_topK_loo_performance.tsv	3108	e9f6ec775c1ab82aa1f2d07a3a3918522c7f0ae7c989654a9886b20ae3ef1be9
results/validation/06_marker_resampling/return_bundle/baseline_fixed_topK_query_predictions.tsv	results/validation/06_marker_resampling/baseline_fixed_topK_query_predictions.tsv	33785	91f0fbc3c681a2bb9baa3574d89902a0cdfd05df9c160ec91f00b048e4fb58c8
results/validation/06_marker_resampling/return_bundle/baseline_individual_loo_summary.tsv	results/validation/06_marker_resampling/baseline_individual_loo_summary.tsv	869	d1cfad52a894db6242b50d35dd23dce1c6adf2e9f1c48b843ae0ce286fb227a2
results/validation/06_marker_resampling/return_bundle/marker_resampling_complement_checks.tsv	results/validation/06_marker_resampling/marker_resampling_complement_checks.tsv	16569	9d69c84a62b579be6fa018d2e7391345f399400784dae0e67cee4f1dc480e539
results/validation/06_marker_resampling/return_bundle/marker_resampling_design.tsv	results/validation/06_marker_resampling/marker_resampling_design.tsv	1071	c277ae86d5fa214924f7785fac1825a01b647bf074b1760c6297c5d079df3670
results/validation/06_marker_resampling/return_bundle/marker_resampling_loo_call_stability_summary.tsv	results/validation/06_marker_resampling/marker_resampling_loo_call_stability_summary.tsv	1631	68c8ed7fcb9c978581a25e08f00d6ab57ef58f2541f9c383e8e8e81eec0a1946
results/validation/06_marker_resampling/return_bundle/marker_resampling_loo_per_class_summary.tsv	results/validation/06_marker_resampling/marker_resampling_loo_per_class_summary.tsv	4602	ea2f7bf080049288be1057119bda17963f7c115077d6a4a764d7265e2f46ef24
results/validation/06_marker_resampling/return_bundle/marker_resampling_loo_performance_summary.tsv	results/validation/06_marker_resampling/marker_resampling_loo_performance_summary.tsv	4263	a2797ff77380e7f187afc98a37d4db527e70916a646b4a0440e1f4e817950b74
results/validation/06_marker_resampling/return_bundle/marker_resampling_loo_predictions.tsv.gz	results/validation/06_marker_resampling/marker_resampling_loo_predictions.tsv.gz	1164884	f0c067b4c9d3029450dbe7248bcf9a368692906b405316eb097359603f66e4c3
results/validation/06_marker_resampling/return_bundle/marker_resampling_loo_set_performance.tsv	results/validation/06_marker_resampling/marker_resampling_loo_set_performance.tsv	82664	7ebd995c342b2d848262bf3c7f0f6558d2aa716446bc1732fa8dd4d21562f267
results/validation/06_marker_resampling/return_bundle/marker_resampling_marker_manifest.tsv.gz	results/validation/06_marker_resampling/marker_resampling_marker_manifest.tsv.gz	13267004	4563d2ce05bb80907fcc96b50ca81ef3f824e89b8e8c3c92f64be86f9768ebba
results/validation/06_marker_resampling/return_bundle/marker_resampling_marker_set_summary.tsv	results/validation/06_marker_resampling/marker_resampling_marker_set_summary.tsv	56386	3400d6f5f242c2f864ab4798c5a13edc8b7fef54f757084ffbe2fc1c5052bdea
results/validation/06_marker_resampling/return_bundle/marker_resampling_pairwise_overlap.tsv.gz	results/validation/06_marker_resampling/marker_resampling_pairwise_overlap.tsv.gz	43561	402c8639faf1d62b1d2030124370022bc2b66bdc562c57a1665756cf4cba5db5
results/validation/06_marker_resampling/return_bundle/marker_resampling_pairwise_overlap_summary.tsv	results/validation/06_marker_resampling/marker_resampling_pairwise_overlap_summary.tsv	3429	45be480d9f9f85cd5559938e6b959eff6859cd39d87183cfd2cee9d0cc955483
results/validation/06_marker_resampling/return_bundle/marker_resampling_panel_index.tsv	results/validation/06_marker_resampling/marker_resampling_panel_index.tsv	513	30ddfe96667ee8ae51c9d9085a0b8405876d274db8dd8db6e4278ce84aa763f3
results/validation/06_marker_resampling/return_bundle/marker_resampling_params.tsv	results/validation/06_marker_resampling/marker_resampling_params.tsv	645	1236722892cc65ec50bf0f21e1a46c008032bbbd3b50c9ffdf18652dd0457cea
results/validation/06_marker_resampling/return_bundle/marker_resampling_query_overall_summary.tsv	results/validation/06_marker_resampling/marker_resampling_query_overall_summary.tsv	3112	f1e987183942ed9f511bcbd2f285abe55feb5bd22249832b83f27c924457a0bb
results/validation/06_marker_resampling/return_bundle/marker_resampling_query_predictions.tsv.gz	results/validation/06_marker_resampling/marker_resampling_query_predictions.tsv.gz	90840	9de307739a1b6ffc601b83c2aaa8db7842b69af233e32a6d4c9fd4f5cd15c786
results/validation/06_marker_resampling/return_bundle/marker_resampling_query_set_summary.tsv	results/validation/06_marker_resampling/marker_resampling_query_set_summary.tsv	65142	f4486a5639458e87013a2dcc00dc2a705ab6a53c6207e2d2436ed2beced45490
results/validation/06_marker_resampling/return_bundle/marker_resampling_query_stability.tsv	results/validation/06_marker_resampling/marker_resampling_query_stability.tsv	23825	b6ea987488f60dcbb2df672d4c083156df7a3f467b757a4ce5b4d78f8630c94e
results/validation/06_marker_resampling/return_bundle/marker_resampling_reference_counts.tsv	results/validation/06_marker_resampling/marker_resampling_reference_counts.tsv	569	2d295e144f2018620837886ba870144de02798110c816368fc73392f4438476f
results/validation/06_marker_resampling/return_bundle/marker_resampling_run_info.rds	results/validation/06_marker_resampling/marker_resampling_run_info.rds	6439	0b9f28899fd663177a92abbaaabd654a6ecd6129d4c49e12ddad036a90248f91
results/validation/06_marker_resampling/return_bundle/primary_multiK_query_baseline.tsv	results/validation/06_marker_resampling/primary_multiK_query_baseline.tsv	3361	1954a6ca5b23e375a0c40193f1bafe84d135b293925a2f1ac7055488f095a131
results/validation/07_exclusion/return_bundle/exclude_combined_P1_loo_perclass.tsv	results/validation/07_exclusion/scenarios/exclude_combined/05_loo_validation/LOO_P1_macroregion_loo_perclass.tsv	226	59dafab5589f358840f3dbeedc924a5d4f6352166321a7ddeb43de6ebf1988a6
results/validation/07_exclusion/return_bundle/exclude_combined_P1_loo_summary.tsv	results/validation/07_exclusion/scenarios/exclude_combined/05_loo_validation/LOO_P1_macroregion_loo_summary.tsv	367	e616b2c1c95925569592dff3da40677d9f79269c09ac7bb413053cfc7eb98aa1
results/validation/07_exclusion/return_bundle/exclude_combined_P2_loo_perclass.tsv	results/validation/07_exclusion/scenarios/exclude_combined/05_loo_validation/LOO_P2_africa_subregion_loo_perclass.tsv	421	aca1feae3adb86b43c9eac96d63beac24c84b2c10a37ecbaabb32170bda68c7a
results/validation/07_exclusion/return_bundle/exclude_combined_P2_loo_summary.tsv	results/validation/07_exclusion/scenarios/exclude_combined/05_loo_validation/LOO_P2_africa_subregion_loo_summary.tsv	492	456746c618102f1becb7cd9df7e747573a594a5dde2bf6556f0987bde57f06b8
results/validation/07_exclusion/return_bundle/exclude_combined_P3_loo_perclass.tsv	results/validation/07_exclusion/scenarios/exclude_combined/05_loo_validation/LOO_P3_asia_subregion_loo_perclass.tsv	360	f5babcc44eae8005161967ae4d790170cafc2afd747838845c71b6efdae01f06
results/validation/07_exclusion/return_bundle/exclude_combined_P3_loo_summary.tsv	results/validation/07_exclusion/scenarios/exclude_combined/05_loo_validation/LOO_P3_asia_subregion_loo_summary.tsv	492	5983c5cb52deb0dfa639137031abd3d402526e3ae11b1c957b849d3dd8d85fb8
results/validation/07_exclusion/return_bundle/exclude_combined_final_assignment.tsv	results/validation/07_exclusion/scenarios/exclude_combined/04_origin_assignment/final_assignment.tsv	4521	1eeac3c214bb35daa969583caac00bf80ba6a6e7b136675204f3a79bb1b96dbf
results/validation/07_exclusion/return_bundle/exclude_low_coverage_P1_loo_perclass.tsv	results/validation/07_exclusion/scenarios/exclude_low_coverage/05_loo_validation/LOO_P1_macroregion_loo_perclass.tsv	226	f9f38f21c165b7e200f99cd0108ce4f7f677883d6128b45f7557a97c73b51907
results/validation/07_exclusion/return_bundle/exclude_low_coverage_P1_loo_summary.tsv	results/validation/07_exclusion/scenarios/exclude_low_coverage/05_loo_validation/LOO_P1_macroregion_loo_summary.tsv	366	8d3a18d852c27f951656d5429bddb66669e5318a474f47641230eb52ed318e07
results/validation/07_exclusion/return_bundle/exclude_low_coverage_P2_loo_perclass.tsv	results/validation/07_exclusion/scenarios/exclude_low_coverage/05_loo_validation/LOO_P2_africa_subregion_loo_perclass.tsv	421	167e3b5d5e9483928afea00d37577085f990155ae05d10a45d3ba67f5e3ce358
results/validation/07_exclusion/return_bundle/exclude_low_coverage_P2_loo_summary.tsv	results/validation/07_exclusion/scenarios/exclude_low_coverage/05_loo_validation/LOO_P2_africa_subregion_loo_summary.tsv	492	adff893471528bd802c6be6c67fb6943ebba814d2c079a56ebd19ccd28a96f15
results/validation/07_exclusion/return_bundle/exclude_low_coverage_P3_loo_perclass.tsv	results/validation/07_exclusion/scenarios/exclude_low_coverage/05_loo_validation/LOO_P3_asia_subregion_loo_perclass.tsv	311	77cd3bdb083440ed70e78b80084b76d8c585a42ffd57ea8a05398f6896f2073a
results/validation/07_exclusion/return_bundle/exclude_low_coverage_P3_loo_summary.tsv	results/validation/07_exclusion/scenarios/exclude_low_coverage/05_loo_validation/LOO_P3_asia_subregion_loo_summary.tsv	492	45722a8ca1c5ab186fcb657e1241094991ffbc8f3b6a3caff21fe51c6244f6b7
results/validation/07_exclusion/return_bundle/exclude_low_coverage_final_assignment.tsv	results/validation/07_exclusion/scenarios/exclude_low_coverage/04_origin_assignment/final_assignment.tsv	4486	b6724bf7a0482a4efedb858bf8d2b46c794071789c91f7f8974f6b2685258354
results/validation/07_exclusion/return_bundle/exclude_published_caution_P1_loo_perclass.tsv	results/validation/07_exclusion/scenarios/exclude_published_caution/05_loo_validation/LOO_P1_macroregion_loo_perclass.tsv	260	7a8271f60639a77564d76406e1a50c614f14be1f1d027bd64d8a516ab7592a1e
results/validation/07_exclusion/return_bundle/exclude_published_caution_P1_loo_summary.tsv	results/validation/07_exclusion/scenarios/exclude_published_caution/05_loo_validation/LOO_P1_macroregion_loo_summary.tsv	435	047addab2a94c14df06fb69bb16f5a56c26c1733ddac35682eebeb47037f7438
results/validation/07_exclusion/return_bundle/exclude_published_caution_P2_loo_perclass.tsv	results/validation/07_exclusion/scenarios/exclude_combined/05_loo_validation/LOO_P2_africa_subregion_loo_perclass.tsv	421	aca1feae3adb86b43c9eac96d63beac24c84b2c10a37ecbaabb32170bda68c7a
results/validation/07_exclusion/return_bundle/exclude_published_caution_P2_loo_summary.tsv	results/validation/07_exclusion/scenarios/exclude_combined/05_loo_validation/LOO_P2_africa_subregion_loo_summary.tsv	492	456746c618102f1becb7cd9df7e747573a594a5dde2bf6556f0987bde57f06b8
results/validation/07_exclusion/return_bundle/exclude_published_caution_P3_loo_perclass.tsv	results/validation/07_exclusion/scenarios/exclude_published_caution/05_loo_validation/LOO_P3_asia_subregion_loo_perclass.tsv	365	7da1c41555cf9f65eea09282ae40d405f61a856d2398c69bc97dffca5ac02d2e
results/validation/07_exclusion/return_bundle/exclude_published_caution_P3_loo_summary.tsv	results/validation/07_exclusion/scenarios/exclude_published_caution/05_loo_validation/LOO_P3_asia_subregion_loo_summary.tsv	522	a0f50ce42be412adb5d84d47fd869b0c408c5c6846de539dcb9488a6de9dff0d
results/validation/07_exclusion/return_bundle/exclude_published_caution_final_assignment.tsv	results/validation/07_exclusion/scenarios/exclude_published_caution/04_origin_assignment/final_assignment.tsv	4479	786318d4bd98271397162db7f947a8237f4693ce370bf9df8c1143ad35de8130
results/validation/07_exclusion/return_bundle/primary_all_references_P2_loo_perclass.tsv	results/validation/07_exclusion/scenarios/exclude_low_coverage/05_loo_validation/LOO_P2_africa_subregion_loo_perclass.tsv	421	167e3b5d5e9483928afea00d37577085f990155ae05d10a45d3ba67f5e3ce358
results/validation/07_exclusion/return_bundle/primary_all_references_P2_loo_summary.tsv	results/validation/07_exclusion/scenarios/exclude_low_coverage/05_loo_validation/LOO_P2_africa_subregion_loo_summary.tsv	492	adff893471528bd802c6be6c67fb6943ebba814d2c079a56ebd19ccd28a96f15
