section	analysis	script	result_directory	key_files
S6.1	Geographic out of scope challenge	steps/validation/01_out_of_scope_challenge/run.R	results/validation/01_out_of_scope_challenge	results/validation/01_out_of_scope_challenge/other_regions_challenge_results.tsv;results/validation/01_out_of_scope_challenge/other_regions_challenge_by_location.tsv;results/validation/01_out_of_scope_challenge/challenge_run_info.rds;results/validation/01_out_of_scope_challenge/step04_closed_set/final_assignment.tsv
S6.2	Grouped geographic cross validation	steps/validation/02_grouped_geographic_cv/run.R	results/validation/02_grouped_geographic_cv	results/validation/02_grouped_geographic_cv/grouped_cv_panel_summary.tsv;results/validation/02_grouped_geographic_cv/grouped_cv_non_evaluable_folds.tsv;results/validation/02_grouped_geographic_cv/grouped_cv_predictions.tsv;results/validation/02_grouped_geographic_cv/grouped_cv_raw.tsv.gz;results/validation/02_grouped_geographic_cv/grouped_cv_params.tsv
S6.3	Reference set audit	steps/validation/03_reference_set_audit/run.R	results/validation/03_reference_set_audit	results/validation/03_reference_set_audit/reference_sample_audit.tsv;results/validation/03_reference_set_audit/retained_reference_flag_summary.tsv;results/validation/03_reference_set_audit/reference_ortholog_coverage.tsv;results/validation/03_reference_set_audit/reference_near_duplicate_pairs.tsv;results/validation/03_reference_set_audit/collection_holdout_feasibility.tsv
S6.4	Mascarene coding sensitivity	steps/validation/04_mascarene_coding_sensitivity/run.R	results/validation/04_mascarene_coding_sensitivity	results/validation/04_mascarene_coding_sensitivity/return_bundle/scenario_definitions.tsv;results/validation/04_mascarene_coding_sensitivity/return_bundle/query_assignment_change_summary.tsv;results/validation/04_mascarene_coding_sensitivity/return_bundle/loo_summary_comparison.tsv;results/validation/04_mascarene_coding_sensitivity/return_bundle/marker_overlap_topK.tsv
S6.5	Balanced reference downsampling	steps/validation/05_reference_downsampling/run.R	results/validation/05_reference_downsampling	results/validation/05_reference_downsampling/downsampling_design.tsv;results/validation/05_reference_downsampling/downsampling_performance_summary.tsv;results/validation/05_reference_downsampling/downsampling_test_predictions.tsv.gz;results/validation/05_reference_downsampling/downsampling_training_manifest.tsv.gz;results/validation/05_reference_downsampling/downsampling_params.tsv;results/validation/05_reference_downsampling/FIG_reference_downsampling_sensitivity.pdf
S6.6	Alternative marker set resampling	steps/validation/06_marker_resampling/run.R	results/validation/06_marker_resampling	results/validation/06_marker_resampling/marker_resampling_design.tsv;results/validation/06_marker_resampling/marker_resampling_loo_performance_summary.tsv;results/validation/06_marker_resampling/marker_resampling_query_overall_summary.tsv;results/validation/06_marker_resampling/marker_resampling_marker_manifest.tsv.gz;results/validation/06_marker_resampling/marker_resampling_complement_checks.tsv;results/validation/06_marker_resampling/FIG_marker_resampling_sensitivity.pdf
S6.7	Reference exclusion sensitivity	steps/validation/07_reference_exclusion_sensitivity/run.R	results/validation/07_exclusion	results/validation/07_exclusion/return_bundle/reference_exclusion_evidence.tsv;results/validation/07_exclusion/return_bundle/scenario_definitions.tsv;results/validation/07_exclusion/return_bundle/query_assignment_change_summary.tsv;results/validation/07_exclusion/return_bundle/loo_summary_comparison.tsv
Trajectories	Complete baseline query trajectories	steps/04_hierarchical_origin_assignment/run.R	results/04_origin_assignment	results/04_origin_assignment/P1_macroregion_raw.tsv;results/04_origin_assignment/P2_africa_subregion_raw.tsv;results/04_origin_assignment/P3_asia_subregion_raw.tsv;results/04_origin_assignment/final_assignment.tsv;results/04_origin_assignment/step4_K_grid_used.tsv;results/04_origin_assignment/step4_params.tsv
Implementation	Hudson FST and mutual information checks	tools/check_implementation.R	results/02_snp_panels;results/03_mi_diagnostics	results/02_snp_panels/step3_run_info.rds;results/03_mi_diagnostics/step03_run_info.rds
Baseline	Fixed panel leave one out validation	steps/05_full_panel_loo_validation/run.R	results/05_loo_validation	results/05_loo_validation/step4b_loo_summary_all_panels.tsv
Reporting	Verified native six criterion reporting	steps/07_authority_facing_report/run.R	results/07_authority_report	results/07_authority_report/FINAL_origin_tracing_authority_criteria.tsv;results/07_authority_report/step7_run_info.rds;docs/native_R_verification/native_reporting_verification.json
