panel_id	true_group	n	accuracy	mean_top_prob	high_or_moderate_frac
P1_macroregion_africa_vs_asia	Africa	525	1	0.910550476190476	0.902857142857143
P1_macroregion_africa_vs_asia	Asia	1075	1	0.957562790697674	0.986046511627907
P2_subregion_within_africa	C_Africa	25	0.68	0.43328	0
P2_subregion_within_africa	E_Africa	335	1	0.69844776119403	0.0537313432835821
P2_subregion_within_africa	S_Africa	50	0	0.51344	0
P2_subregion_within_africa	W_Africa	115	0.269565217391304	0.46535652173913	0
P3_subregion_within_asia	E_Asia	400	0.99	0.69679	0.0325
P3_subregion_within_asia	SE_Asia	450	0.942222222222222	0.719344444444444	0.18
P3_subregion_within_asia	S_Asia	225	0.968888888888889	0.537675555555556	0
