sample_id	top_group	top_prob	second_group	second_prob	prob_gap	n_snps_used	confidence	panel_id	group_col	status	country	population	macroregion_3	subregion	is_reference	macroregion_call	macroregion_confidence	macroregion_reason	macroregion_agreement	macroregion_tail_agreement	subregion_call	subregion_confidence	subregion_reason	subregion_panel	subregion_agreement	subregion_tail_agreement	rf_vs_step4
Bd_2023_7	E_Africa	0.528	W_Africa	0.323	0.205	10992	Low	P2_subregion_within_africa	subregion	ok	Belgium	Belgium	Others	Other	FALSE	Africa	High	ok	1	1	E_Africa	Uncertain	low_global_K_agreement	P2_Africa	0.5	1	step4_subregion_uncertain
Bd_2023_4	E_Africa	0.523	W_Africa	0.333	0.19	10968	Uncertain	P2_subregion_within_africa	subregion	ok	Belgium	Belgium	Others	Other	FALSE	Asia	High	ok	1	1	S_Asia	High	ok	P3_Asia	1	1	not_interpreted_step4_not_africa
Bd_2023_5	E_Africa	0.542	W_Africa	0.309	0.233	10958	Low	P2_subregion_within_africa	subregion	ok	Belgium	Belgium	Others	Other	FALSE	Asia	High	ok	1	1	E_Asia	Uncertain	low_global_K_agreement	P3_Asia	0.833333333333333	1	not_interpreted_step4_not_africa
Bd_2023_6	E_Africa	0.535	W_Africa	0.287	0.248	10965	Low	P2_subregion_within_africa	subregion	ok	Belgium	Belgium	Others	Other	FALSE	Asia	High	ok	1	1	S_Asia	High	ok	P3_Asia	1	1	not_interpreted_step4_not_africa
Bd_2023_1	E_Africa	0.582	W_Africa	0.354	0.228	675	Low	P2_subregion_within_africa	subregion	ok	Belgium	Belgium	Others	Other	FALSE	Asia	Uncertain	too_few_usable_K	1	1	""	Uncertain	macroregion_uncertain	""			not_interpreted_step4_not_africa
Bd_2023_2	E_Africa	0.58	W_Africa	0.33	0.25	3313	Low	P2_subregion_within_africa	subregion	ok	Belgium	Belgium	Others	Other	FALSE	Africa	Uncertain	too_few_usable_K	1	1	""	Uncertain	macroregion_uncertain	""			step4_subregion_uncertain
Bd_2023_3	E_Africa	0.573	W_Africa	0.347	0.226	2884	Low	P2_subregion_within_africa	subregion	ok	Belgium	Belgium	Others	Other	FALSE	Asia	Uncertain	too_few_usable_K	1	1	""	Uncertain	macroregion_uncertain	""			not_interpreted_step4_not_africa
Bd_2024_1	E_Africa	0.492	W_Africa	0.356	0.136	10956	Uncertain	P2_subregion_within_africa	subregion	ok	Belgium	Belgium	Others	Other	FALSE	Asia	High	ok	1	1	S_Asia	High	ok	P3_Asia	1	1	not_interpreted_step4_not_africa
Bd_2024_2	E_Africa	0.555	W_Africa	0.308	0.247	10984	Low	P2_subregion_within_africa	subregion	ok	Belgium	Belgium	Others	Other	FALSE	Africa	High	ok	1	1	E_Africa	Uncertain	low_global_K_agreement	P2_Africa	0.5	0.666666666666667	step4_subregion_uncertain
Bd_2024_3	E_Africa	0.576	W_Africa	0.293	0.283	10958	Low	P2_subregion_within_africa	subregion	ok	Belgium	Belgium	Others	Other	FALSE	Asia	High	ok	1	1	S_Asia	High	ok	P3_Asia	1	1	not_interpreted_step4_not_africa
Bd_2024_4	E_Africa	0.514	W_Africa	0.362	0.152	10963	Uncertain	P2_subregion_within_africa	subregion	ok	Belgium	Belgium	Others	Other	FALSE	Asia	High	ok	1	1	S_Asia	High	ok	P3_Asia	1	1	not_interpreted_step4_not_africa
FAVV_1	E_Africa	0.497	W_Africa	0.308	0.189	10991	Uncertain	P2_subregion_within_africa	subregion	ok	Belgium	Belgium	Others	Other	FALSE	Africa	High	ok	1	1	W_Africa	Uncertain	low_global_K_agreement	P2_Africa	0.333333333333333	0.666666666666667	step4_subregion_uncertain
FAVV_2	E_Africa	0.555	W_Africa	0.292	0.263	10991	Low	P2_subregion_within_africa	subregion	ok	Belgium	Belgium	Others	Other	FALSE	Africa	High	ok	1	1	W_Africa	Uncertain	low_global_K_agreement	P2_Africa	0.666666666666667	1	step4_subregion_uncertain
FAVV_3	E_Africa	0.517	W_Africa	0.324	0.193	10992	Uncertain	P2_subregion_within_africa	subregion	ok	Belgium	Belgium	Others	Other	FALSE	Africa	High	ok	1	1	W_Africa	High	ok	P2_Africa	1	1	discordant_with_step4_subregion
FAVV_4	E_Africa	0.446	W_Africa	0.338	0.108	10991	Uncertain	P2_subregion_within_africa	subregion	ok	Belgium	Belgium	Others	Other	FALSE	Africa	High	ok	1	1	W_Africa	High	ok	P2_Africa	1	1	discordant_with_step4_subregion
FAVV_5	E_Africa	0.567	W_Africa	0.234	0.333	10983	Low	P2_subregion_within_africa	subregion	ok	Belgium	Belgium	Others	Other	FALSE	Africa	High	ok	1	1	E_Africa	High	ok	P2_Africa	1	1	supports_step4_subregion
FAVV_6	E_Africa	0.444	W_Africa	0.338	0.106	10984	Uncertain	P2_subregion_within_africa	subregion	ok	Belgium	Belgium	Others	Other	FALSE	Africa	High	ok	1	1	W_Africa	High	ok	P2_Africa	1	1	discordant_with_step4_subregion
FAVV_7	E_Africa	0.573	W_Africa	0.23	0.343	10993	Low	P2_subregion_within_africa	subregion	ok	Belgium	Belgium	Others	Other	FALSE	Africa	High	ok	1	1	E_Africa	High	ok	P2_Africa	1	1	supports_step4_subregion
FAVV_11	E_Africa	0.47	W_Africa	0.344	0.126	10997	Uncertain	P2_subregion_within_africa	subregion	ok	Belgium	Belgium	Others	Other	FALSE	Africa	High	ok	1	1	W_Africa	Uncertain	low_global_K_agreement	P2_Africa	0.333333333333333	0.666666666666667	step4_subregion_uncertain
FAVV_12	E_Africa	0.497	W_Africa	0.343	0.154	10980	Uncertain	P2_subregion_within_africa	subregion	ok	Belgium	Belgium	Others	Other	FALSE	Africa	High	ok	1	1	W_Africa	Uncertain	low_global_K_agreement	P2_Africa	0.833333333333333	1	step4_subregion_uncertain
FAVV_13	E_Africa	0.441	W_Africa	0.414	0.027	10974	Uncertain	P2_subregion_within_africa	subregion	ok	Belgium	Belgium	Others	Other	FALSE	Africa	High	ok	1	1	W_Africa	High	ok	P2_Africa	1	1	discordant_with_step4_subregion
FAVV_14	E_Africa	0.487	W_Africa	0.347	0.14	10957	Uncertain	P2_subregion_within_africa	subregion	ok	Belgium	Belgium	Others	Other	FALSE	Asia	High	ok	1	1	S_Asia	High	ok	P3_Asia	1	1	not_interpreted_step4_not_africa
