sample_id	top_group	top_prob	second_group	second_prob	prob_gap	n_snps_used	confidence	panel_id	group_col	rep	fold	true_group	correct
ComAnj1	E_Africa	0.64	W_Africa	0.199	0.441	10991	Low	P2_subregion_within_africa	subregion	1	1	E_Africa	TRUE
ComGra1	E_Africa	0.603	W_Africa	0.212	0.391	10870	Low	P2_subregion_within_africa	subregion	1	1	E_Africa	TRUE
ComGra3	E_Africa	0.626	W_Africa	0.168	0.458	10972	Low	P2_subregion_within_africa	subregion	1	1	E_Africa	TRUE
ComMoh4	E_Africa	0.7	W_Africa	0.173	0.527	10924	Low	P2_subregion_within_africa	subregion	1	1	E_Africa	TRUE
ComMoh5	E_Africa	0.71	W_Africa	0.16	0.55	10981	Low	P2_subregion_within_africa	subregion	1	1	E_Africa	TRUE
MadMah4	E_Africa	0.825	W_Africa	0.101	0.724	10941	Low	P2_subregion_within_africa	subregion	1	1	E_Africa	TRUE
MadMan1	E_Africa	0.815	W_Africa	0.081	0.734	10924	Low	P2_subregion_within_africa	subregion	1	1	E_Africa	TRUE
MadMan3	E_Africa	0.791	W_Africa	0.128	0.663	10870	Low	P2_subregion_within_africa	subregion	1	1	E_Africa	TRUE
MadMan5	E_Africa	0.782	W_Africa	0.113	0.669	10930	Low	P2_subregion_within_africa	subregion	1	1	E_Africa	TRUE
MayDem3	E_Africa	0.778	W_Africa	0.116	0.662	10975	Low	P2_subregion_within_africa	subregion	1	1	E_Africa	TRUE
MaySad3	E_Africa	0.802	W_Africa	0.114	0.688	10978	Low	P2_subregion_within_africa	subregion	1	1	E_Africa	TRUE
CDKB05	E_Africa	0.395	C_Africa	0.357	0.038	10989	Uncertain	P2_subregion_within_africa	subregion	1	1	C_Africa	FALSE
CIBD01	E_Africa	0.465	W_Africa	0.393	0.072	10970	Uncertain	P2_subregion_within_africa	subregion	1	1	W_Africa	FALSE
ETMS02	E_Africa	0.626	W_Africa	0.191	0.435	10987	Low	P2_subregion_within_africa	subregion	1	1	E_Africa	TRUE
GHND02	E_Africa	0.457	W_Africa	0.37	0.087	10962	Uncertain	P2_subregion_within_africa	subregion	1	1	W_Africa	FALSE
MLBM05	E_Africa	0.454	W_Africa	0.385	0.069	10915	Uncertain	P2_subregion_within_africa	subregion	1	1	W_Africa	FALSE
MWZB01	E_Africa	0.512	S_Africa	0.288	0.224	10925	Low	P2_subregion_within_africa	subregion	1	1	S_Africa	FALSE
NGNS02	E_Africa	0.584	W_Africa	0.286	0.298	7645	Low	P2_subregion_within_africa	subregion	1	1	W_Africa	FALSE
SDSG05	E_Africa	0.51	W_Africa	0.281	0.229	10850	Low	P2_subregion_within_africa	subregion	1	1	E_Africa	TRUE
SNBG05	W_Africa	0.487	E_Africa	0.351	0.136	10921	Uncertain	P2_subregion_within_africa	subregion	1	1	W_Africa	TRUE
UGEB02	E_Africa	0.652	W_Africa	0.189	0.463	10971	Low	P2_subregion_within_africa	subregion	1	1	E_Africa	TRUE
ZAMP02	E_Africa	0.472	S_Africa	0.298	0.174	10825	Uncertain	P2_subregion_within_africa	subregion	1	1	S_Africa	FALSE
ComAnj2	E_Africa	0.663	W_Africa	0.176	0.487	10965	Low	P2_subregion_within_africa	subregion	1	2	E_Africa	TRUE
ComAnj3	E_Africa	0.681	W_Africa	0.187	0.494	10970	Low	P2_subregion_within_africa	subregion	1	2	E_Africa	TRUE
ComAnj5	E_Africa	0.681	W_Africa	0.166	0.515	10988	Low	P2_subregion_within_africa	subregion	1	2	E_Africa	TRUE
MadAmb2	E_Africa	0.823	W_Africa	0.096	0.727	10922	Low	P2_subregion_within_africa	subregion	1	2	E_Africa	TRUE
MadAmb4	E_Africa	0.828	W_Africa	0.088	0.74	10957	Low	P2_subregion_within_africa	subregion	1	2	E_Africa	TRUE
MadMah3	E_Africa	0.795	W_Africa	0.121	0.674	10960	Low	P2_subregion_within_africa	subregion	1	2	E_Africa	TRUE
MadMan2	E_Africa	0.812	W_Africa	0.081	0.731	10932	Low	P2_subregion_within_africa	subregion	1	2	E_Africa	TRUE
MadMan4	E_Africa	0.8	W_Africa	0.101	0.699	10932	Low	P2_subregion_within_africa	subregion	1	2	E_Africa	TRUE
CDKB03	C_Africa	0.469	E_Africa	0.304	0.165	10945	Uncertain	P2_subregion_within_africa	subregion	1	2	C_Africa	TRUE
CIBD03	E_Africa	0.422	W_Africa	0.415	0.00700000000000001	10967	Uncertain	P2_subregion_within_africa	subregion	1	2	W_Africa	FALSE
CIBD04	E_Africa	0.466	W_Africa	0.372	0.094	10971	Uncertain	P2_subregion_within_africa	subregion	1	2	W_Africa	FALSE
ETMS01	E_Africa	0.611	W_Africa	0.257	0.354	10801	Low	P2_subregion_within_africa	subregion	1	2	E_Africa	TRUE
GHND05	E_Africa	0.446	W_Africa	0.423	0.023	10744	Uncertain	P2_subregion_within_africa	subregion	1	2	W_Africa	FALSE
KENB01	E_Africa	0.602	W_Africa	0.215	0.387	10987	Low	P2_subregion_within_africa	subregion	1	2	E_Africa	TRUE
KENB02	E_Africa	0.617	W_Africa	0.229	0.388	10989	Low	P2_subregion_within_africa	subregion	1	2	E_Africa	TRUE
MGAT06	E_Africa	0.793	W_Africa	0.114	0.679	10981	Low	P2_subregion_within_africa	subregion	1	2	E_Africa	TRUE
MLBM02	W_Africa	0.449	E_Africa	0.39	0.059	10982	Uncertain	P2_subregion_within_africa	subregion	1	2	W_Africa	TRUE
MWZB05	E_Africa	0.513	S_Africa	0.265	0.248	10954	Low	P2_subregion_within_africa	subregion	1	2	S_Africa	FALSE
NGNS01	E_Africa	0.478	W_Africa	0.387	0.091	10939	Uncertain	P2_subregion_within_africa	subregion	1	2	W_Africa	FALSE
SDSG01	E_Africa	0.536	W_Africa	0.239	0.297	10959	Low	P2_subregion_within_africa	subregion	1	2	E_Africa	TRUE
UGEB03	E_Africa	0.593	W_Africa	0.255	0.338	10984	Low	P2_subregion_within_africa	subregion	1	2	E_Africa	TRUE
ZAMP04	E_Africa	0.508	S_Africa	0.238	0.27	10975	Low	P2_subregion_within_africa	subregion	1	2	S_Africa	FALSE
ComGra6	E_Africa	0.672	W_Africa	0.148	0.524	10985	Low	P2_subregion_within_africa	subregion	1	3	E_Africa	TRUE
ComGra5	E_Africa	0.662	W_Africa	0.177	0.485	10918	Low	P2_subregion_within_africa	subregion	1	3	E_Africa	TRUE
ComMoh2	E_Africa	0.739	W_Africa	0.143	0.596	10988	Low	P2_subregion_within_africa	subregion	1	3	E_Africa	TRUE
MadAmb3	E_Africa	0.851	W_Africa	0.077	0.774	10965	Moderate	P2_subregion_within_africa	subregion	1	3	E_Africa	TRUE
MadMah1	E_Africa	0.795	W_Africa	0.116	0.679	10919	Low	P2_subregion_within_africa	subregion	1	3	E_Africa	TRUE
MayDem5	E_Africa	0.805	W_Africa	0.103	0.702	10966	Low	P2_subregion_within_africa	subregion	1	3	E_Africa	TRUE
MaySad5	E_Africa	0.773	W_Africa	0.121	0.652	10981	Low	P2_subregion_within_africa	subregion	1	3	E_Africa	TRUE
BIBJ01	E_Africa	0.61	W_Africa	0.23	0.38	10909	Low	P2_subregion_within_africa	subregion	1	3	E_Africa	TRUE
CDKB02	E_Africa	0.445	C_Africa	0.273	0.172	10932	Uncertain	P2_subregion_within_africa	subregion	1	3	C_Africa	FALSE
ETMS03	E_Africa	0.57	W_Africa	0.233	0.337	10993	Low	P2_subregion_within_africa	subregion	1	3	E_Africa	TRUE
ETMS04	E_Africa	0.59	W_Africa	0.251	0.339	10993	Low	P2_subregion_within_africa	subregion	1	3	E_Africa	TRUE
GHND03	E_Africa	0.475	W_Africa	0.382	0.093	10838	Uncertain	P2_subregion_within_africa	subregion	1	3	W_Africa	FALSE
KENB04	E_Africa	0.64	W_Africa	0.21	0.43	10989	Low	P2_subregion_within_africa	subregion	1	3	E_Africa	TRUE
KENB05	E_Africa	0.669	W_Africa	0.162	0.507	10962	Low	P2_subregion_within_africa	subregion	1	3	E_Africa	TRUE
MGAT05	E_Africa	0.807	W_Africa	0.109	0.698	10982	Low	P2_subregion_within_africa	subregion	1	3	E_Africa	TRUE
MLBM04	E_Africa	0.471	W_Africa	0.381	0.09	10976	Uncertain	P2_subregion_within_africa	subregion	1	3	W_Africa	FALSE
MWZB03	E_Africa	0.553	S_Africa	0.219	0.334	10947	Low	P2_subregion_within_africa	subregion	1	3	S_Africa	FALSE
NGNS03	W_Africa	0.473	E_Africa	0.389	0.084	10841	Uncertain	P2_subregion_within_africa	subregion	1	3	W_Africa	TRUE
SNBG01	E_Africa	0.476	W_Africa	0.359	0.117	10930	Uncertain	P2_subregion_within_africa	subregion	1	3	W_Africa	FALSE
SNBG03	W_Africa	0.416	E_Africa	0.411	0.005	10981	Uncertain	P2_subregion_within_africa	subregion	1	3	W_Africa	TRUE
ZAMP01	E_Africa	0.471	S_Africa	0.325	0.146	10916	Uncertain	P2_subregion_within_africa	subregion	1	3	S_Africa	FALSE
MadAmb1	E_Africa	0.785	W_Africa	0.134	0.651	10956	Low	P2_subregion_within_africa	subregion	1	4	E_Africa	TRUE
MadAmb5	E_Africa	0.898	W_Africa	0.051	0.847	10982	Moderate	P2_subregion_within_africa	subregion	1	4	E_Africa	TRUE
MadMah2	E_Africa	0.897	W_Africa	0.054	0.843	10952	Moderate	P2_subregion_within_africa	subregion	1	4	E_Africa	TRUE
MadMah5	E_Africa	0.828	W_Africa	0.082	0.746	10921	Low	P2_subregion_within_africa	subregion	1	4	E_Africa	TRUE
MayDem1	E_Africa	0.839	W_Africa	0.116	0.723	10988	Low	P2_subregion_within_africa	subregion	1	4	E_Africa	TRUE
MaySad1	E_Africa	0.763	W_Africa	0.117	0.646	10983	Low	P2_subregion_within_africa	subregion	1	4	E_Africa	TRUE
BIBJ05	E_Africa	0.665	W_Africa	0.18	0.485	10849	Low	P2_subregion_within_africa	subregion	1	4	E_Africa	TRUE
CDKB04	C_Africa	0.502	E_Africa	0.253	0.249	10980	Low	P2_subregion_within_africa	subregion	1	4	C_Africa	TRUE
CIBD02	E_Africa	0.46	W_Africa	0.387	0.073	10970	Uncertain	P2_subregion_within_africa	subregion	1	4	W_Africa	FALSE
CIBD05	W_Africa	0.424	E_Africa	0.418	0.00600000000000001	10961	Uncertain	P2_subregion_within_africa	subregion	1	4	W_Africa	TRUE
ETMS05	E_Africa	0.481	W_Africa	0.363	0.118	10986	Uncertain	P2_subregion_within_africa	subregion	1	4	E_Africa	TRUE
KENB03	E_Africa	0.604	W_Africa	0.222	0.382	10992	Low	P2_subregion_within_africa	subregion	1	4	E_Africa	TRUE
MLBM01	W_Africa	0.453	E_Africa	0.425	0.028	10993	Uncertain	P2_subregion_within_africa	subregion	1	4	W_Africa	TRUE
MLBM03	E_Africa	0.469	W_Africa	0.373	0.096	10968	Uncertain	P2_subregion_within_africa	subregion	1	4	W_Africa	FALSE
SDSG02	E_Africa	0.566	W_Africa	0.261	0.305	10870	Low	P2_subregion_within_africa	subregion	1	4	E_Africa	TRUE
SDSG03	E_Africa	0.574	W_Africa	0.258	0.316	10981	Low	P2_subregion_within_africa	subregion	1	4	E_Africa	TRUE
SDSG04	E_Africa	0.499	W_Africa	0.288	0.211	10831	Low	P2_subregion_within_africa	subregion	1	4	E_Africa	TRUE
UGEB05	E_Africa	0.645	W_Africa	0.238	0.407	10979	Low	P2_subregion_within_africa	subregion	1	4	E_Africa	TRUE
ZAMP03	E_Africa	0.598	S_Africa	0.198	0.4	10869	Low	P2_subregion_within_africa	subregion	1	4	S_Africa	FALSE
ZAMP05	E_Africa	0.458	S_Africa	0.281	0.177	10974	Uncertain	P2_subregion_within_africa	subregion	1	4	S_Africa	FALSE
ComAnj4	E_Africa	0.7	W_Africa	0.15	0.55	10976	Low	P2_subregion_within_africa	subregion	1	5	E_Africa	TRUE
ComGra2	E_Africa	0.635	W_Africa	0.174	0.461	10922	Low	P2_subregion_within_africa	subregion	1	5	E_Africa	TRUE
ComMoh1	E_Africa	0.752	W_Africa	0.136	0.616	10792	Low	P2_subregion_within_africa	subregion	1	5	E_Africa	TRUE
ComMoh3	E_Africa	0.718	W_Africa	0.146	0.572	10838	Low	P2_subregion_within_africa	subregion	1	5	E_Africa	TRUE
MayDem2	E_Africa	0.764	W_Africa	0.122	0.642	10987	Low	P2_subregion_within_africa	subregion	1	5	E_Africa	TRUE
MayDem4	E_Africa	0.805	W_Africa	0.106	0.699	10979	Low	P2_subregion_within_africa	subregion	1	5	E_Africa	TRUE
MaySad2	E_Africa	0.75	W_Africa	0.159	0.591	10982	Low	P2_subregion_within_africa	subregion	1	5	E_Africa	TRUE
MaySad4	E_Africa	0.812	W_Africa	0.092	0.72	10984	Low	P2_subregion_within_africa	subregion	1	5	E_Africa	TRUE
BIBJ02	E_Africa	0.634	W_Africa	0.158	0.476	10878	Low	P2_subregion_within_africa	subregion	1	5	E_Africa	TRUE
BIBJ03	E_Africa	0.603	W_Africa	0.22	0.383	10957	Low	P2_subregion_within_africa	subregion	1	5	E_Africa	TRUE
BIBJ04	E_Africa	0.536	W_Africa	0.276	0.26	10973	Low	P2_subregion_within_africa	subregion	1	5	E_Africa	TRUE
CDKB01	C_Africa	0.366	E_Africa	0.344	0.022	10904	Uncertain	P2_subregion_within_africa	subregion	1	5	C_Africa	TRUE
GHND01	W_Africa	0.429	E_Africa	0.417	0.012	10965	Uncertain	P2_subregion_within_africa	subregion	1	5	W_Africa	TRUE
GHND04	E_Africa	0.435	W_Africa	0.414	0.021	10946	Uncertain	P2_subregion_within_africa	subregion	1	5	W_Africa	FALSE
MWZB02	E_Africa	0.516	S_Africa	0.282	0.234	10974	Low	P2_subregion_within_africa	subregion	1	5	S_Africa	FALSE
MWZB04	E_Africa	0.521	S_Africa	0.281	0.24	10970	Low	P2_subregion_within_africa	subregion	1	5	S_Africa	FALSE
SNBG02	W_Africa	0.44	E_Africa	0.434	0.00600000000000001	10966	Uncertain	P2_subregion_within_africa	subregion	1	5	W_Africa	TRUE
SNBG04	E_Africa	0.475	W_Africa	0.381	0.094	10972	Uncertain	P2_subregion_within_africa	subregion	1	5	W_Africa	FALSE
UGEB01	E_Africa	0.497	W_Africa	0.322	0.175	10973	Uncertain	P2_subregion_within_africa	subregion	1	5	E_Africa	TRUE
UGEB04	E_Africa	0.579	W_Africa	0.257	0.322	10977	Low	P2_subregion_within_africa	subregion	1	5	E_Africa	TRUE
ComAnj3	E_Africa	0.663	W_Africa	0.208	0.455	10970	Low	P2_subregion_within_africa	subregion	2	1	E_Africa	TRUE
ComGra3	E_Africa	0.589	W_Africa	0.203	0.386	10972	Low	P2_subregion_within_africa	subregion	2	1	E_Africa	TRUE
ComGra6	E_Africa	0.604	W_Africa	0.189	0.415	10985	Low	P2_subregion_within_africa	subregion	2	1	E_Africa	TRUE
ComMoh2	E_Africa	0.738	W_Africa	0.145	0.593	10988	Low	P2_subregion_within_africa	subregion	2	1	E_Africa	TRUE
ComMoh3	E_Africa	0.717	W_Africa	0.139	0.578	10838	Low	P2_subregion_within_africa	subregion	2	1	E_Africa	TRUE
ComMoh5	E_Africa	0.708	W_Africa	0.158	0.55	10981	Low	P2_subregion_within_africa	subregion	2	1	E_Africa	TRUE
MadAmb4	E_Africa	0.84	W_Africa	0.083	0.757	10957	Low	P2_subregion_within_africa	subregion	2	1	E_Africa	TRUE
MadMah4	E_Africa	0.842	W_Africa	0.105	0.737	10941	Low	P2_subregion_within_africa	subregion	2	1	E_Africa	TRUE
MadMan3	E_Africa	0.795	W_Africa	0.129	0.666	10870	Low	P2_subregion_within_africa	subregion	2	1	E_Africa	TRUE
MaySad3	E_Africa	0.796	W_Africa	0.111	0.685	10978	Low	P2_subregion_within_africa	subregion	2	1	E_Africa	TRUE
BIBJ03	E_Africa	0.592	W_Africa	0.222	0.37	10957	Low	P2_subregion_within_africa	subregion	2	1	E_Africa	TRUE
BIBJ04	E_Africa	0.588	W_Africa	0.248	0.34	10973	Low	P2_subregion_within_africa	subregion	2	1	E_Africa	TRUE
CDKB05	C_Africa	0.382	E_Africa	0.373	0.00900000000000001	10989	Uncertain	P2_subregion_within_africa	subregion	2	1	C_Africa	TRUE
GHND01	E_Africa	0.453	W_Africa	0.406	0.047	10965	Uncertain	P2_subregion_within_africa	subregion	2	1	W_Africa	FALSE
KENB03	E_Africa	0.605	W_Africa	0.214	0.391	10992	Low	P2_subregion_within_africa	subregion	2	1	E_Africa	TRUE
MLBM02	W_Africa	0.433	E_Africa	0.412	0.021	10982	Uncertain	P2_subregion_within_africa	subregion	2	1	W_Africa	TRUE
MWZB03	E_Africa	0.522	S_Africa	0.244	0.278	10947	Low	P2_subregion_within_africa	subregion	2	1	S_Africa	FALSE
NGNS02	E_Africa	0.555	W_Africa	0.33	0.225	7645	Low	P2_subregion_within_africa	subregion	2	1	W_Africa	FALSE
NGNS03	W_Africa	0.444	E_Africa	0.423	0.021	10841	Uncertain	P2_subregion_within_africa	subregion	2	1	W_Africa	TRUE
SNBG03	E_Africa	0.466	W_Africa	0.384	0.082	10981	Uncertain	P2_subregion_within_africa	subregion	2	1	W_Africa	FALSE
UGEB02	E_Africa	0.661	W_Africa	0.192	0.469	10971	Low	P2_subregion_within_africa	subregion	2	1	E_Africa	TRUE
ZAMP03	E_Africa	0.575	S_Africa	0.234	0.341	10869	Low	P2_subregion_within_africa	subregion	2	1	S_Africa	FALSE
ComGra2	E_Africa	0.66	W_Africa	0.153	0.507	10922	Low	P2_subregion_within_africa	subregion	2	2	E_Africa	TRUE
ComGra5	E_Africa	0.667	W_Africa	0.16	0.507	10918	Low	P2_subregion_within_africa	subregion	2	2	E_Africa	TRUE
MadAmb5	E_Africa	0.878	W_Africa	0.06	0.818	10982	Moderate	P2_subregion_within_africa	subregion	2	2	E_Africa	TRUE
MayDem2	E_Africa	0.794	W_Africa	0.104	0.69	10987	Low	P2_subregion_within_africa	subregion	2	2	E_Africa	TRUE
MayDem5	E_Africa	0.832	W_Africa	0.084	0.748	10966	Low	P2_subregion_within_africa	subregion	2	2	E_Africa	TRUE
BIBJ02	E_Africa	0.662	W_Africa	0.164	0.498	10878	Low	P2_subregion_within_africa	subregion	2	2	E_Africa	TRUE
BIBJ05	E_Africa	0.677	W_Africa	0.165	0.512	10849	Low	P2_subregion_within_africa	subregion	2	2	E_Africa	TRUE
CDKB02	E_Africa	0.401	C_Africa	0.289	0.112	10932	Uncertain	P2_subregion_within_africa	subregion	2	2	C_Africa	FALSE
ETMS02	E_Africa	0.615	W_Africa	0.213	0.402	10987	Low	P2_subregion_within_africa	subregion	2	2	E_Africa	TRUE
GHND02	E_Africa	0.474	W_Africa	0.345	0.129	10962	Uncertain	P2_subregion_within_africa	subregion	2	2	W_Africa	FALSE
GHND05	W_Africa	0.449	E_Africa	0.416	0.033	10744	Uncertain	P2_subregion_within_africa	subregion	2	2	W_Africa	TRUE
KENB02	E_Africa	0.59	W_Africa	0.245	0.345	10989	Low	P2_subregion_within_africa	subregion	2	2	E_Africa	TRUE
KENB04	E_Africa	0.625	W_Africa	0.222	0.403	10989	Low	P2_subregion_within_africa	subregion	2	2	E_Africa	TRUE
MGAT05	E_Africa	0.797	W_Africa	0.124	0.673	10982	Low	P2_subregion_within_africa	subregion	2	2	E_Africa	TRUE
MLBM03	E_Africa	0.493	W_Africa	0.367	0.126	10968	Uncertain	P2_subregion_within_africa	subregion	2	2	W_Africa	FALSE
MLBM05	W_Africa	0.42	E_Africa	0.407	0.013	10915	Uncertain	P2_subregion_within_africa	subregion	2	2	W_Africa	TRUE
MWZB05	E_Africa	0.515	S_Africa	0.305	0.21	10954	Low	P2_subregion_within_africa	subregion	2	2	S_Africa	FALSE
SDSG04	E_Africa	0.481	W_Africa	0.295	0.186	10831	Uncertain	P2_subregion_within_africa	subregion	2	2	E_Africa	TRUE
SNBG02	E_Africa	0.448	W_Africa	0.405	0.043	10966	Uncertain	P2_subregion_within_africa	subregion	2	2	W_Africa	FALSE
UGEB03	E_Africa	0.566	W_Africa	0.275	0.291	10984	Low	P2_subregion_within_africa	subregion	2	2	E_Africa	TRUE
UGEB05	E_Africa	0.571	W_Africa	0.258	0.313	10979	Low	P2_subregion_within_africa	subregion	2	2	E_Africa	TRUE
ZAMP02	E_Africa	0.53	S_Africa	0.228	0.302	10825	Low	P2_subregion_within_africa	subregion	2	2	S_Africa	FALSE
ComAnj1	E_Africa	0.678	W_Africa	0.178	0.5	10991	Low	P2_subregion_within_africa	subregion	2	3	E_Africa	TRUE
ComAnj5	E_Africa	0.722	W_Africa	0.139	0.583	10988	Low	P2_subregion_within_africa	subregion	2	3	E_Africa	TRUE
ComMoh1	E_Africa	0.749	W_Africa	0.114	0.635	10792	Low	P2_subregion_within_africa	subregion	2	3	E_Africa	TRUE
MadAmb3	E_Africa	0.853	W_Africa	0.071	0.782	10965	Moderate	P2_subregion_within_africa	subregion	2	3	E_Africa	TRUE
MadMah2	E_Africa	0.857	W_Africa	0.064	0.793	10952	Moderate	P2_subregion_within_africa	subregion	2	3	E_Africa	TRUE
MadMan2	E_Africa	0.784	W_Africa	0.091	0.693	10932	Low	P2_subregion_within_africa	subregion	2	3	E_Africa	TRUE
MayDem4	E_Africa	0.811	W_Africa	0.105	0.706	10979	Low	P2_subregion_within_africa	subregion	2	3	E_Africa	TRUE
MaySad2	E_Africa	0.753	W_Africa	0.144	0.609	10982	Low	P2_subregion_within_africa	subregion	2	3	E_Africa	TRUE
BIBJ01	E_Africa	0.603	W_Africa	0.225	0.378	10909	Low	P2_subregion_within_africa	subregion	2	3	E_Africa	TRUE
CDKB03	C_Africa	0.486	E_Africa	0.252	0.234	10945	Low	P2_subregion_within_africa	subregion	2	3	C_Africa	TRUE
CIBD01	E_Africa	0.478	W_Africa	0.362	0.116	10970	Uncertain	P2_subregion_within_africa	subregion	2	3	W_Africa	FALSE
ETMS05	E_Africa	0.485	W_Africa	0.385	0.1	10986	Uncertain	P2_subregion_within_africa	subregion	2	3	E_Africa	TRUE
GHND04	E_Africa	0.467	W_Africa	0.389	0.078	10946	Uncertain	P2_subregion_within_africa	subregion	2	3	W_Africa	FALSE
KENB05	E_Africa	0.641	W_Africa	0.203	0.438	10962	Low	P2_subregion_within_africa	subregion	2	3	E_Africa	TRUE
MLBM01	E_Africa	0.464	W_Africa	0.408	0.0560000000000001	10993	Uncertain	P2_subregion_within_africa	subregion	2	3	W_Africa	FALSE
MWZB01	E_Africa	0.52	S_Africa	0.278	0.242	10925	Low	P2_subregion_within_africa	subregion	2	3	S_Africa	FALSE
SDSG02	E_Africa	0.605	W_Africa	0.245	0.36	10870	Low	P2_subregion_within_africa	subregion	2	3	E_Africa	TRUE
SNBG01	E_Africa	0.441	W_Africa	0.393	0.048	10930	Uncertain	P2_subregion_within_africa	subregion	2	3	W_Africa	FALSE
SNBG05	W_Africa	0.495	E_Africa	0.371	0.124	10921	Uncertain	P2_subregion_within_africa	subregion	2	3	W_Africa	TRUE
UGEB04	E_Africa	0.6	W_Africa	0.247	0.353	10977	Low	P2_subregion_within_africa	subregion	2	3	E_Africa	TRUE
ZAMP04	E_Africa	0.519	S_Africa	0.253	0.266	10975	Low	P2_subregion_within_africa	subregion	2	3	S_Africa	FALSE
ComAnj2	E_Africa	0.67	W_Africa	0.18	0.49	10965	Low	P2_subregion_within_africa	subregion	2	4	E_Africa	TRUE
ComAnj4	E_Africa	0.752	S_Africa	0.113	0.639	10976	Low	P2_subregion_within_africa	subregion	2	4	E_Africa	TRUE
ComGra1	E_Africa	0.616	W_Africa	0.201	0.415	10870	Low	P2_subregion_within_africa	subregion	2	4	E_Africa	TRUE
ComMoh4	E_Africa	0.703	W_Africa	0.167	0.536	10924	Low	P2_subregion_within_africa	subregion	2	4	E_Africa	TRUE
MadAmb1	E_Africa	0.781	W_Africa	0.114	0.667	10956	Low	P2_subregion_within_africa	subregion	2	4	E_Africa	TRUE
MadMah1	E_Africa	0.794	W_Africa	0.097	0.697	10919	Low	P2_subregion_within_africa	subregion	2	4	E_Africa	TRUE
MayDem1	E_Africa	0.855	W_Africa	0.082	0.773	10988	Moderate	P2_subregion_within_africa	subregion	2	4	E_Africa	TRUE
MaySad4	E_Africa	0.822	W_Africa	0.09	0.732	10984	Low	P2_subregion_within_africa	subregion	2	4	E_Africa	TRUE
MaySad5	E_Africa	0.716	W_Africa	0.155	0.561	10981	Low	P2_subregion_within_africa	subregion	2	4	E_Africa	TRUE
CDKB04	C_Africa	0.496	E_Africa	0.296	0.2	10980	Low	P2_subregion_within_africa	subregion	2	4	C_Africa	TRUE
CIBD03	E_Africa	0.443	W_Africa	0.415	0.028	10967	Uncertain	P2_subregion_within_africa	subregion	2	4	W_Africa	FALSE
CIBD04	E_Africa	0.471	W_Africa	0.368	0.103	10971	Uncertain	P2_subregion_within_africa	subregion	2	4	W_Africa	FALSE
CIBD05	E_Africa	0.418	W_Africa	0.418	0	10961	Uncertain	P2_subregion_within_africa	subregion	2	4	W_Africa	FALSE
KENB01	E_Africa	0.673	W_Africa	0.169	0.504	10987	Low	P2_subregion_within_africa	subregion	2	4	E_Africa	TRUE
MWZB02	E_Africa	0.51	S_Africa	0.279	0.231	10974	Low	P2_subregion_within_africa	subregion	2	4	S_Africa	FALSE
SDSG01	E_Africa	0.522	W_Africa	0.261	0.261	10959	Low	P2_subregion_within_africa	subregion	2	4	E_Africa	TRUE
SDSG05	E_Africa	0.518	W_Africa	0.288	0.23	10850	Low	P2_subregion_within_africa	subregion	2	4	E_Africa	TRUE
SNBG04	E_Africa	0.501	W_Africa	0.364	0.137	10972	Uncertain	P2_subregion_within_africa	subregion	2	4	W_Africa	FALSE
UGEB01	E_Africa	0.495	W_Africa	0.335	0.16	10973	Uncertain	P2_subregion_within_africa	subregion	2	4	E_Africa	TRUE
ZAMP05	E_Africa	0.471	S_Africa	0.29	0.181	10974	Uncertain	P2_subregion_within_africa	subregion	2	4	S_Africa	FALSE
MadAmb2	E_Africa	0.83	W_Africa	0.081	0.749	10922	Low	P2_subregion_within_africa	subregion	2	5	E_Africa	TRUE
MadMah3	E_Africa	0.825	W_Africa	0.079	0.746	10960	Low	P2_subregion_within_africa	subregion	2	5	E_Africa	TRUE
MadMah5	E_Africa	0.811	W_Africa	0.1	0.711	10921	Low	P2_subregion_within_africa	subregion	2	5	E_Africa	TRUE
MadMan1	E_Africa	0.801	W_Africa	0.092	0.709	10924	Low	P2_subregion_within_africa	subregion	2	5	E_Africa	TRUE
MadMan4	E_Africa	0.802	W_Africa	0.094	0.708	10932	Low	P2_subregion_within_africa	subregion	2	5	E_Africa	TRUE
MadMan5	E_Africa	0.831	W_Africa	0.083	0.748	10930	Low	P2_subregion_within_africa	subregion	2	5	E_Africa	TRUE
MayDem3	E_Africa	0.805	W_Africa	0.1	0.705	10975	Low	P2_subregion_within_africa	subregion	2	5	E_Africa	TRUE
MaySad1	E_Africa	0.819	W_Africa	0.089	0.73	10983	Low	P2_subregion_within_africa	subregion	2	5	E_Africa	TRUE
CDKB01	C_Africa	0.363	E_Africa	0.322	0.041	10904	Uncertain	P2_subregion_within_africa	subregion	2	5	C_Africa	TRUE
CIBD02	E_Africa	0.5	W_Africa	0.351	0.149	10970	Uncertain	P2_subregion_within_africa	subregion	2	5	W_Africa	FALSE
ETMS01	E_Africa	0.611	W_Africa	0.242	0.369	10801	Low	P2_subregion_within_africa	subregion	2	5	E_Africa	TRUE
ETMS03	E_Africa	0.613	W_Africa	0.211	0.402	10993	Low	P2_subregion_within_africa	subregion	2	5	E_Africa	TRUE
ETMS04	E_Africa	0.617	W_Africa	0.239	0.378	10993	Low	P2_subregion_within_africa	subregion	2	5	E_Africa	TRUE
GHND03	E_Africa	0.457	W_Africa	0.388	0.069	10838	Uncertain	P2_subregion_within_africa	subregion	2	5	W_Africa	FALSE
MGAT06	E_Africa	0.764	W_Africa	0.134	0.63	10981	Low	P2_subregion_within_africa	subregion	2	5	E_Africa	TRUE
MLBM04	E_Africa	0.473	W_Africa	0.375	0.098	10976	Uncertain	P2_subregion_within_africa	subregion	2	5	W_Africa	FALSE
MWZB04	E_Africa	0.564	S_Africa	0.27	0.294	10970	Low	P2_subregion_within_africa	subregion	2	5	S_Africa	FALSE
NGNS01	E_Africa	0.488	W_Africa	0.376	0.112	10939	Uncertain	P2_subregion_within_africa	subregion	2	5	W_Africa	FALSE
SDSG03	E_Africa	0.594	W_Africa	0.236	0.358	10981	Low	P2_subregion_within_africa	subregion	2	5	E_Africa	TRUE
ZAMP01	E_Africa	0.486	S_Africa	0.316	0.17	10916	Uncertain	P2_subregion_within_africa	subregion	2	5	S_Africa	FALSE
ComAnj3	E_Africa	0.676	W_Africa	0.172	0.504	10970	Low	P2_subregion_within_africa	subregion	3	1	E_Africa	TRUE
ComGra5	E_Africa	0.661	S_Africa	0.149	0.512	10918	Low	P2_subregion_within_africa	subregion	3	1	E_Africa	TRUE
ComMoh1	E_Africa	0.74	W_Africa	0.155	0.585	10792	Low	P2_subregion_within_africa	subregion	3	1	E_Africa	TRUE
MadAmb2	E_Africa	0.842	W_Africa	0.087	0.755	10922	Low	P2_subregion_within_africa	subregion	3	1	E_Africa	TRUE
MadMah3	E_Africa	0.801	W_Africa	0.122	0.679	10960	Low	P2_subregion_within_africa	subregion	3	1	E_Africa	TRUE
MadMan4	E_Africa	0.826	W_Africa	0.081	0.745	10932	Low	P2_subregion_within_africa	subregion	3	1	E_Africa	TRUE
MayDem1	E_Africa	0.88	W_Africa	0.068	0.812	10988	Moderate	P2_subregion_within_africa	subregion	3	1	E_Africa	TRUE
MaySad3	E_Africa	0.793	W_Africa	0.102	0.691	10978	Low	P2_subregion_within_africa	subregion	3	1	E_Africa	TRUE
BIBJ03	E_Africa	0.62	W_Africa	0.218	0.402	10957	Low	P2_subregion_within_africa	subregion	3	1	E_Africa	TRUE
BIBJ04	E_Africa	0.57	W_Africa	0.244	0.326	10973	Low	P2_subregion_within_africa	subregion	3	1	E_Africa	TRUE
CDKB03	C_Africa	0.469	E_Africa	0.267	0.202	10945	Low	P2_subregion_within_africa	subregion	3	1	C_Africa	TRUE
KENB03	E_Africa	0.586	W_Africa	0.212	0.374	10992	Low	P2_subregion_within_africa	subregion	3	1	E_Africa	TRUE
KENB05	E_Africa	0.614	W_Africa	0.208	0.406	10962	Low	P2_subregion_within_africa	subregion	3	1	E_Africa	TRUE
MLBM02	W_Africa	0.484	E_Africa	0.362	0.122	10982	Uncertain	P2_subregion_within_africa	subregion	3	1	W_Africa	TRUE
MLBM03	E_Africa	0.459	W_Africa	0.38	0.079	10968	Uncertain	P2_subregion_within_africa	subregion	3	1	W_Africa	FALSE
MLBM04	E_Africa	0.457	W_Africa	0.414	0.043	10976	Uncertain	P2_subregion_within_africa	subregion	3	1	W_Africa	FALSE
MWZB01	E_Africa	0.483	S_Africa	0.277	0.206	10925	Low	P2_subregion_within_africa	subregion	3	1	S_Africa	FALSE
MWZB02	E_Africa	0.488	S_Africa	0.301	0.187	10974	Uncertain	P2_subregion_within_africa	subregion	3	1	S_Africa	FALSE
SDSG01	E_Africa	0.498	W_Africa	0.269	0.229	10959	Low	P2_subregion_within_africa	subregion	3	1	E_Africa	TRUE
SDSG03	E_Africa	0.583	W_Africa	0.254	0.329	10981	Low	P2_subregion_within_africa	subregion	3	1	E_Africa	TRUE
SNBG04	E_Africa	0.508	W_Africa	0.35	0.158	10972	Uncertain	P2_subregion_within_africa	subregion	3	1	W_Africa	FALSE
SNBG05	W_Africa	0.477	E_Africa	0.367	0.11	10921	Uncertain	P2_subregion_within_africa	subregion	3	1	W_Africa	TRUE
ComAnj2	E_Africa	0.662	W_Africa	0.186	0.476	10965	Low	P2_subregion_within_africa	subregion	3	2	E_Africa	TRUE
ComAnj5	E_Africa	0.733	W_Africa	0.137	0.596	10988	Low	P2_subregion_within_africa	subregion	3	2	E_Africa	TRUE
MadAmb1	E_Africa	0.781	W_Africa	0.108	0.673	10956	Low	P2_subregion_within_africa	subregion	3	2	E_Africa	TRUE
MadMan3	E_Africa	0.778	W_Africa	0.144	0.634	10870	Low	P2_subregion_within_africa	subregion	3	2	E_Africa	TRUE
MayDem3	E_Africa	0.795	W_Africa	0.121	0.674	10975	Low	P2_subregion_within_africa	subregion	3	2	E_Africa	TRUE
MayDem4	E_Africa	0.793	W_Africa	0.122	0.671	10979	Low	P2_subregion_within_africa	subregion	3	2	E_Africa	TRUE
MayDem5	E_Africa	0.781	W_Africa	0.116	0.665	10966	Low	P2_subregion_within_africa	subregion	3	2	E_Africa	TRUE
MaySad1	E_Africa	0.78	W_Africa	0.117	0.663	10983	Low	P2_subregion_within_africa	subregion	3	2	E_Africa	TRUE
MaySad2	E_Africa	0.716	W_Africa	0.172	0.544	10982	Low	P2_subregion_within_africa	subregion	3	2	E_Africa	TRUE
CDKB05	C_Africa	0.396	E_Africa	0.396	0	10989	Uncertain	P2_subregion_within_africa	subregion	3	2	C_Africa	TRUE
CIBD03	E_Africa	0.468	W_Africa	0.367	0.101	10967	Uncertain	P2_subregion_within_africa	subregion	3	2	W_Africa	FALSE
CIBD04	E_Africa	0.481	W_Africa	0.341	0.14	10971	Uncertain	P2_subregion_within_africa	subregion	3	2	W_Africa	FALSE
ETMS04	E_Africa	0.616	W_Africa	0.225	0.391	10993	Low	P2_subregion_within_africa	subregion	3	2	E_Africa	TRUE
ETMS05	E_Africa	0.469	W_Africa	0.364	0.105	10986	Uncertain	P2_subregion_within_africa	subregion	3	2	E_Africa	TRUE
GHND03	E_Africa	0.428	W_Africa	0.42	0.00800000000000001	10838	Uncertain	P2_subregion_within_africa	subregion	3	2	W_Africa	FALSE
KENB01	E_Africa	0.631	W_Africa	0.195	0.436	10987	Low	P2_subregion_within_africa	subregion	3	2	E_Africa	TRUE
KENB04	E_Africa	0.613	W_Africa	0.216	0.397	10989	Low	P2_subregion_within_africa	subregion	3	2	E_Africa	TRUE
MWZB04	E_Africa	0.5	S_Africa	0.298	0.202	10970	Low	P2_subregion_within_africa	subregion	3	2	S_Africa	FALSE
NGNS03	W_Africa	0.505	E_Africa	0.37	0.135	10841	Uncertain	P2_subregion_within_africa	subregion	3	2	W_Africa	TRUE
SNBG02	E_Africa	0.466	W_Africa	0.392	0.074	10966	Uncertain	P2_subregion_within_africa	subregion	3	2	W_Africa	FALSE
UGEB01	E_Africa	0.516	W_Africa	0.31	0.206	10973	Low	P2_subregion_within_africa	subregion	3	2	E_Africa	TRUE
ZAMP05	E_Africa	0.483	S_Africa	0.276	0.207	10974	Low	P2_subregion_within_africa	subregion	3	2	S_Africa	FALSE
ComAnj4	E_Africa	0.707	W_Africa	0.125	0.582	10976	Low	P2_subregion_within_africa	subregion	3	3	E_Africa	TRUE
ComGra2	E_Africa	0.651	W_Africa	0.166	0.485	10922	Low	P2_subregion_within_africa	subregion	3	3	E_Africa	TRUE
ComMoh3	E_Africa	0.703	W_Africa	0.143	0.56	10838	Low	P2_subregion_within_africa	subregion	3	3	E_Africa	TRUE
ComMoh4	E_Africa	0.719	W_Africa	0.146	0.573	10924	Low	P2_subregion_within_africa	subregion	3	3	E_Africa	TRUE
ComMoh5	E_Africa	0.686	W_Africa	0.156	0.53	10981	Low	P2_subregion_within_africa	subregion	3	3	E_Africa	TRUE
MadMah4	E_Africa	0.831	W_Africa	0.089	0.742	10941	Low	P2_subregion_within_africa	subregion	3	3	E_Africa	TRUE
MadMah5	E_Africa	0.821	W_Africa	0.101	0.72	10921	Low	P2_subregion_within_africa	subregion	3	3	E_Africa	TRUE
MadMan2	E_Africa	0.836	S_Africa	0.072	0.764	10932	Low	P2_subregion_within_africa	subregion	3	3	E_Africa	TRUE
MaySad5	E_Africa	0.734	W_Africa	0.15	0.584	10981	Low	P2_subregion_within_africa	subregion	3	3	E_Africa	TRUE
BIBJ02	E_Africa	0.701	W_Africa	0.14	0.561	10878	Low	P2_subregion_within_africa	subregion	3	3	E_Africa	TRUE
CDKB04	C_Africa	0.514	E_Africa	0.256	0.258	10980	Low	P2_subregion_within_africa	subregion	3	3	C_Africa	TRUE
CIBD05	E_Africa	0.467	W_Africa	0.388	0.079	10961	Uncertain	P2_subregion_within_africa	subregion	3	3	W_Africa	FALSE
MGAT06	E_Africa	0.784	W_Africa	0.123	0.661	10981	Low	P2_subregion_within_africa	subregion	3	3	E_Africa	TRUE
MGAT05	E_Africa	0.817	W_Africa	0.105	0.712	10982	Low	P2_subregion_within_africa	subregion	3	3	E_Africa	TRUE
MLBM01	E_Africa	0.473	W_Africa	0.379	0.094	10993	Uncertain	P2_subregion_within_africa	subregion	3	3	W_Africa	FALSE
MLBM05	E_Africa	0.43	W_Africa	0.426	0.004	10915	Uncertain	P2_subregion_within_africa	subregion	3	3	W_Africa	FALSE
NGNS01	E_Africa	0.481	W_Africa	0.355	0.126	10939	Uncertain	P2_subregion_within_africa	subregion	3	3	W_Africa	FALSE
SDSG04	E_Africa	0.477	W_Africa	0.301	0.176	10831	Uncertain	P2_subregion_within_africa	subregion	3	3	E_Africa	TRUE
SNBG01	E_Africa	0.488	W_Africa	0.335	0.153	10930	Uncertain	P2_subregion_within_africa	subregion	3	3	W_Africa	FALSE
ZAMP03	E_Africa	0.544	S_Africa	0.256	0.288	10869	Low	P2_subregion_within_africa	subregion	3	3	S_Africa	FALSE
ZAMP04	E_Africa	0.449	S_Africa	0.298	0.151	10975	Uncertain	P2_subregion_within_africa	subregion	3	3	S_Africa	FALSE
ComAnj1	E_Africa	0.715	W_Africa	0.165	0.55	10991	Low	P2_subregion_within_africa	subregion	3	4	E_Africa	TRUE
ComGra6	E_Africa	0.674	S_Africa	0.139	0.535	10985	Low	P2_subregion_within_africa	subregion	3	4	E_Africa	TRUE
MadAmb4	E_Africa	0.845	S_Africa	0.075	0.77	10957	Low	P2_subregion_within_africa	subregion	3	4	E_Africa	TRUE
MadMah1	E_Africa	0.812	W_Africa	0.098	0.714	10919	Low	P2_subregion_within_africa	subregion	3	4	E_Africa	TRUE
MadMah2	E_Africa	0.896	W_Africa	0.049	0.847	10952	Moderate	P2_subregion_within_africa	subregion	3	4	E_Africa	TRUE
MadMan1	E_Africa	0.834	W_Africa	0.079	0.755	10924	Low	P2_subregion_within_africa	subregion	3	4	E_Africa	TRUE
MadMan5	E_Africa	0.782	W_Africa	0.112	0.67	10930	Low	P2_subregion_within_africa	subregion	3	4	E_Africa	TRUE
MayDem2	E_Africa	0.791	W_Africa	0.104	0.687	10987	Low	P2_subregion_within_africa	subregion	3	4	E_Africa	TRUE
MaySad4	E_Africa	0.803	W_Africa	0.101	0.702	10984	Low	P2_subregion_within_africa	subregion	3	4	E_Africa	TRUE
BIBJ01	E_Africa	0.586	W_Africa	0.237	0.349	10909	Low	P2_subregion_within_africa	subregion	3	4	E_Africa	TRUE
BIBJ05	E_Africa	0.681	W_Africa	0.185	0.496	10849	Low	P2_subregion_within_africa	subregion	3	4	E_Africa	TRUE
CDKB01	E_Africa	0.376	C_Africa	0.349	0.027	10904	Uncertain	P2_subregion_within_africa	subregion	3	4	C_Africa	FALSE
CIBD01	E_Africa	0.452	W_Africa	0.406	0.046	10970	Uncertain	P2_subregion_within_africa	subregion	3	4	W_Africa	FALSE
CIBD02	E_Africa	0.511	W_Africa	0.337	0.174	10970	Uncertain	P2_subregion_within_africa	subregion	3	4	W_Africa	FALSE
GHND01	W_Africa	0.434	E_Africa	0.405	0.029	10965	Uncertain	P2_subregion_within_africa	subregion	3	4	W_Africa	TRUE
KENB02	E_Africa	0.606	W_Africa	0.216	0.39	10989	Low	P2_subregion_within_africa	subregion	3	4	E_Africa	TRUE
MWZB05	E_Africa	0.508	S_Africa	0.272	0.236	10954	Low	P2_subregion_within_africa	subregion	3	4	S_Africa	FALSE
SNBG03	W_Africa	0.43	E_Africa	0.417	0.013	10981	Uncertain	P2_subregion_within_africa	subregion	3	4	W_Africa	TRUE
UGEB05	E_Africa	0.629	W_Africa	0.217	0.412	10979	Low	P2_subregion_within_africa	subregion	3	4	E_Africa	TRUE
ZAMP01	E_Africa	0.472	S_Africa	0.311	0.161	10916	Uncertain	P2_subregion_within_africa	subregion	3	4	S_Africa	FALSE
ComGra1	E_Africa	0.624	W_Africa	0.193	0.431	10870	Low	P2_subregion_within_africa	subregion	3	5	E_Africa	TRUE
ComGra3	E_Africa	0.657	W_Africa	0.166	0.491	10972	Low	P2_subregion_within_africa	subregion	3	5	E_Africa	TRUE
ComMoh2	E_Africa	0.753	W_Africa	0.141	0.612	10988	Low	P2_subregion_within_africa	subregion	3	5	E_Africa	TRUE
MadAmb3	E_Africa	0.835	W_Africa	0.085	0.75	10965	Low	P2_subregion_within_africa	subregion	3	5	E_Africa	TRUE
MadAmb5	E_Africa	0.863	W_Africa	0.064	0.799	10982	Moderate	P2_subregion_within_africa	subregion	3	5	E_Africa	TRUE
CDKB02	E_Africa	0.397	C_Africa	0.288	0.109	10932	Uncertain	P2_subregion_within_africa	subregion	3	5	C_Africa	FALSE
ETMS01	E_Africa	0.55	W_Africa	0.326	0.224	10801	Low	P2_subregion_within_africa	subregion	3	5	E_Africa	TRUE
ETMS02	E_Africa	0.545	W_Africa	0.262	0.283	10987	Low	P2_subregion_within_africa	subregion	3	5	E_Africa	TRUE
ETMS03	E_Africa	0.561	W_Africa	0.263	0.298	10993	Low	P2_subregion_within_africa	subregion	3	5	E_Africa	TRUE
GHND02	E_Africa	0.433	W_Africa	0.407	0.026	10962	Uncertain	P2_subregion_within_africa	subregion	3	5	W_Africa	FALSE
GHND04	W_Africa	0.436	E_Africa	0.422	0.014	10946	Uncertain	P2_subregion_within_africa	subregion	3	5	W_Africa	TRUE
GHND05	W_Africa	0.459	E_Africa	0.404	0.055	10744	Uncertain	P2_subregion_within_africa	subregion	3	5	W_Africa	TRUE
MWZB03	E_Africa	0.602	S_Africa	0.203	0.399	10947	Low	P2_subregion_within_africa	subregion	3	5	S_Africa	FALSE
NGNS02	E_Africa	0.575	W_Africa	0.305	0.27	7645	Low	P2_subregion_within_africa	subregion	3	5	W_Africa	FALSE
SDSG02	E_Africa	0.536	W_Africa	0.292	0.244	10870	Low	P2_subregion_within_africa	subregion	3	5	E_Africa	TRUE
SDSG05	E_Africa	0.487	W_Africa	0.32	0.167	10850	Uncertain	P2_subregion_within_africa	subregion	3	5	E_Africa	TRUE
UGEB02	E_Africa	0.634	W_Africa	0.193	0.441	10971	Low	P2_subregion_within_africa	subregion	3	5	E_Africa	TRUE
UGEB03	E_Africa	0.581	W_Africa	0.261	0.32	10984	Low	P2_subregion_within_africa	subregion	3	5	E_Africa	TRUE
UGEB04	E_Africa	0.585	W_Africa	0.276	0.309	10977	Low	P2_subregion_within_africa	subregion	3	5	E_Africa	TRUE
ZAMP02	E_Africa	0.521	S_Africa	0.227	0.294	10825	Low	P2_subregion_within_africa	subregion	3	5	S_Africa	FALSE
ComAnj2	E_Africa	0.663	W_Africa	0.177	0.486	10965	Low	P2_subregion_within_africa	subregion	4	1	E_Africa	TRUE
ComGra2	E_Africa	0.639	W_Africa	0.154	0.485	10922	Low	P2_subregion_within_africa	subregion	4	1	E_Africa	TRUE
ComGra5	E_Africa	0.695	W_Africa	0.165	0.53	10918	Low	P2_subregion_within_africa	subregion	4	1	E_Africa	TRUE
ComMoh1	E_Africa	0.749	W_Africa	0.143	0.606	10792	Low	P2_subregion_within_africa	subregion	4	1	E_Africa	TRUE
ComMoh3	E_Africa	0.718	W_Africa	0.138	0.58	10838	Low	P2_subregion_within_africa	subregion	4	1	E_Africa	TRUE
MaySad2	E_Africa	0.818	W_Africa	0.101	0.717	10982	Low	P2_subregion_within_africa	subregion	4	1	E_Africa	TRUE
BIBJ01	E_Africa	0.628	W_Africa	0.2	0.428	10909	Low	P2_subregion_within_africa	subregion	4	1	E_Africa	TRUE
BIBJ02	E_Africa	0.689	W_Africa	0.155	0.534	10878	Low	P2_subregion_within_africa	subregion	4	1	E_Africa	TRUE
BIBJ05	E_Africa	0.685	W_Africa	0.192	0.493	10849	Low	P2_subregion_within_africa	subregion	4	1	E_Africa	TRUE
CDKB02	E_Africa	0.43	C_Africa	0.309	0.121	10932	Uncertain	P2_subregion_within_africa	subregion	4	1	C_Africa	FALSE
CIBD01	E_Africa	0.448	W_Africa	0.421	0.027	10970	Uncertain	P2_subregion_within_africa	subregion	4	1	W_Africa	FALSE
CIBD04	E_Africa	0.484	W_Africa	0.384	0.1	10971	Uncertain	P2_subregion_within_africa	subregion	4	1	W_Africa	FALSE
ETMS02	E_Africa	0.588	W_Africa	0.216	0.372	10987	Low	P2_subregion_within_africa	subregion	4	1	E_Africa	TRUE
ETMS03	E_Africa	0.584	W_Africa	0.229	0.355	10993	Low	P2_subregion_within_africa	subregion	4	1	E_Africa	TRUE
GHND04	E_Africa	0.47	W_Africa	0.413	0.057	10946	Uncertain	P2_subregion_within_africa	subregion	4	1	W_Africa	FALSE
MGAT06	E_Africa	0.776	W_Africa	0.123	0.653	10981	Low	P2_subregion_within_africa	subregion	4	1	E_Africa	TRUE
NGNS02	E_Africa	0.551	W_Africa	0.31	0.241	7645	Low	P2_subregion_within_africa	subregion	4	1	W_Africa	FALSE
SDSG02	E_Africa	0.576	W_Africa	0.261	0.315	10870	Low	P2_subregion_within_africa	subregion	4	1	E_Africa	TRUE
SDSG03	E_Africa	0.561	W_Africa	0.266	0.295	10981	Low	P2_subregion_within_africa	subregion	4	1	E_Africa	TRUE
SNBG04	E_Africa	0.515	W_Africa	0.342	0.173	10972	Uncertain	P2_subregion_within_africa	subregion	4	1	W_Africa	FALSE
ZAMP01	E_Africa	0.502	S_Africa	0.302	0.2	10916	Low	P2_subregion_within_africa	subregion	4	1	S_Africa	FALSE
ZAMP02	E_Africa	0.515	S_Africa	0.252	0.263	10825	Low	P2_subregion_within_africa	subregion	4	1	S_Africa	FALSE
ComAnj4	E_Africa	0.694	S_Africa	0.137	0.557	10976	Low	P2_subregion_within_africa	subregion	4	2	E_Africa	TRUE
ComAnj5	E_Africa	0.725	W_Africa	0.14	0.585	10988	Low	P2_subregion_within_africa	subregion	4	2	E_Africa	TRUE
ComMoh4	E_Africa	0.695	W_Africa	0.175	0.52	10924	Low	P2_subregion_within_africa	subregion	4	2	E_Africa	TRUE
ComMoh5	E_Africa	0.694	W_Africa	0.173	0.521	10981	Low	P2_subregion_within_africa	subregion	4	2	E_Africa	TRUE
MadAmb4	E_Africa	0.862	W_Africa	0.063	0.799	10957	Moderate	P2_subregion_within_africa	subregion	4	2	E_Africa	TRUE
MadMah1	E_Africa	0.772	W_Africa	0.114	0.658	10919	Low	P2_subregion_within_africa	subregion	4	2	E_Africa	TRUE
MadMah4	E_Africa	0.802	S_Africa	0.086	0.716	10941	Low	P2_subregion_within_africa	subregion	4	2	E_Africa	TRUE
MadMah5	E_Africa	0.808	W_Africa	0.09	0.718	10921	Low	P2_subregion_within_africa	subregion	4	2	E_Africa	TRUE
MadMan2	E_Africa	0.793	W_Africa	0.094	0.699	10932	Low	P2_subregion_within_africa	subregion	4	2	E_Africa	TRUE
CDKB03	C_Africa	0.489	E_Africa	0.296	0.193	10945	Uncertain	P2_subregion_within_africa	subregion	4	2	C_Africa	TRUE
CIBD05	E_Africa	0.44	W_Africa	0.39	0.05	10961	Uncertain	P2_subregion_within_africa	subregion	4	2	W_Africa	FALSE
GHND03	E_Africa	0.475	W_Africa	0.375	0.1	10838	Uncertain	P2_subregion_within_africa	subregion	4	2	W_Africa	FALSE
KENB03	E_Africa	0.636	W_Africa	0.215	0.421	10992	Low	P2_subregion_within_africa	subregion	4	2	E_Africa	TRUE
KENB05	E_Africa	0.577	W_Africa	0.233	0.344	10962	Low	P2_subregion_within_africa	subregion	4	2	E_Africa	TRUE
MLBM04	W_Africa	0.454	E_Africa	0.398	0.056	10976	Uncertain	P2_subregion_within_africa	subregion	4	2	W_Africa	TRUE
MWZB01	E_Africa	0.481	S_Africa	0.283	0.198	10925	Uncertain	P2_subregion_within_africa	subregion	4	2	S_Africa	FALSE
MWZB04	E_Africa	0.53	S_Africa	0.279	0.251	10970	Low	P2_subregion_within_africa	subregion	4	2	S_Africa	FALSE
SDSG05	E_Africa	0.503	W_Africa	0.314	0.189	10850	Uncertain	P2_subregion_within_africa	subregion	4	2	E_Africa	TRUE
SNBG01	E_Africa	0.445	W_Africa	0.391	0.054	10930	Uncertain	P2_subregion_within_africa	subregion	4	2	W_Africa	FALSE
SNBG02	E_Africa	0.47	W_Africa	0.378	0.092	10966	Uncertain	P2_subregion_within_africa	subregion	4	2	W_Africa	FALSE
UGEB02	E_Africa	0.638	W_Africa	0.162	0.476	10971	Low	P2_subregion_within_africa	subregion	4	2	E_Africa	TRUE
UGEB03	E_Africa	0.61	W_Africa	0.223	0.387	10984	Low	P2_subregion_within_africa	subregion	4	2	E_Africa	TRUE
ComAnj3	E_Africa	0.66	W_Africa	0.196	0.464	10970	Low	P2_subregion_within_africa	subregion	4	3	E_Africa	TRUE
ComGra6	E_Africa	0.649	W_Africa	0.16	0.489	10985	Low	P2_subregion_within_africa	subregion	4	3	E_Africa	TRUE
ComMoh2	E_Africa	0.747	W_Africa	0.143	0.604	10988	Low	P2_subregion_within_africa	subregion	4	3	E_Africa	TRUE
MadMah3	E_Africa	0.812	W_Africa	0.093	0.719	10960	Low	P2_subregion_within_africa	subregion	4	3	E_Africa	TRUE
MadMan4	E_Africa	0.795	W_Africa	0.105	0.69	10932	Low	P2_subregion_within_africa	subregion	4	3	E_Africa	TRUE
MadMan5	E_Africa	0.808	W_Africa	0.118	0.69	10930	Low	P2_subregion_within_africa	subregion	4	3	E_Africa	TRUE
MayDem5	E_Africa	0.792	W_Africa	0.111	0.681	10966	Low	P2_subregion_within_africa	subregion	4	3	E_Africa	TRUE
MaySad1	E_Africa	0.773	W_Africa	0.115	0.658	10983	Low	P2_subregion_within_africa	subregion	4	3	E_Africa	TRUE
MaySad4	E_Africa	0.801	W_Africa	0.102	0.699	10984	Low	P2_subregion_within_africa	subregion	4	3	E_Africa	TRUE
MaySad5	E_Africa	0.755	W_Africa	0.138	0.617	10981	Low	P2_subregion_within_africa	subregion	4	3	E_Africa	TRUE
CDKB01	C_Africa	0.377	E_Africa	0.35	0.027	10904	Uncertain	P2_subregion_within_africa	subregion	4	3	C_Africa	TRUE
CIBD02	E_Africa	0.499	W_Africa	0.334	0.165	10970	Uncertain	P2_subregion_within_africa	subregion	4	3	W_Africa	FALSE
ETMS01	E_Africa	0.63	W_Africa	0.255	0.375	10801	Low	P2_subregion_within_africa	subregion	4	3	E_Africa	TRUE
GHND05	E_Africa	0.444	W_Africa	0.411	0.033	10744	Uncertain	P2_subregion_within_africa	subregion	4	3	W_Africa	FALSE
KENB02	E_Africa	0.597	W_Africa	0.236	0.361	10989	Low	P2_subregion_within_africa	subregion	4	3	E_Africa	TRUE
MLBM02	W_Africa	0.429	E_Africa	0.398	0.031	10982	Uncertain	P2_subregion_within_africa	subregion	4	3	W_Africa	TRUE
NGNS01	E_Africa	0.512	W_Africa	0.345	0.167	10939	Uncertain	P2_subregion_within_africa	subregion	4	3	W_Africa	FALSE
NGNS03	W_Africa	0.448	E_Africa	0.413	0.035	10841	Uncertain	P2_subregion_within_africa	subregion	4	3	W_Africa	TRUE
UGEB01	E_Africa	0.535	W_Africa	0.297	0.238	10973	Low	P2_subregion_within_africa	subregion	4	3	E_Africa	TRUE
ZAMP03	E_Africa	0.604	S_Africa	0.222	0.382	10869	Low	P2_subregion_within_africa	subregion	4	3	S_Africa	FALSE
ZAMP05	E_Africa	0.502	S_Africa	0.273	0.229	10974	Low	P2_subregion_within_africa	subregion	4	3	S_Africa	FALSE
ComAnj1	E_Africa	0.697	W_Africa	0.176	0.521	10991	Low	P2_subregion_within_africa	subregion	4	4	E_Africa	TRUE
ComGra1	E_Africa	0.599	W_Africa	0.211	0.388	10870	Low	P2_subregion_within_africa	subregion	4	4	E_Africa	TRUE
ComGra3	E_Africa	0.592	W_Africa	0.211	0.381	10972	Low	P2_subregion_within_africa	subregion	4	4	E_Africa	TRUE
MadAmb1	E_Africa	0.797	W_Africa	0.11	0.687	10956	Low	P2_subregion_within_africa	subregion	4	4	E_Africa	TRUE
MadMah2	E_Africa	0.889	W_Africa	0.049	0.84	10952	Moderate	P2_subregion_within_africa	subregion	4	4	E_Africa	TRUE
MayDem1	E_Africa	0.857	W_Africa	0.089	0.768	10988	Moderate	P2_subregion_within_africa	subregion	4	4	E_Africa	TRUE
MayDem2	E_Africa	0.784	W_Africa	0.118	0.666	10987	Low	P2_subregion_within_africa	subregion	4	4	E_Africa	TRUE
MayDem3	E_Africa	0.811	W_Africa	0.106	0.705	10975	Low	P2_subregion_within_africa	subregion	4	4	E_Africa	TRUE
MaySad3	E_Africa	0.777	W_Africa	0.133	0.644	10978	Low	P2_subregion_within_africa	subregion	4	4	E_Africa	TRUE
BIBJ03	E_Africa	0.617	W_Africa	0.246	0.371	10957	Low	P2_subregion_within_africa	subregion	4	4	E_Africa	TRUE
CDKB04	C_Africa	0.517	E_Africa	0.297	0.22	10980	Low	P2_subregion_within_africa	subregion	4	4	C_Africa	TRUE
ETMS04	E_Africa	0.579	W_Africa	0.272	0.307	10993	Low	P2_subregion_within_africa	subregion	4	4	E_Africa	TRUE
ETMS05	E_Africa	0.507	W_Africa	0.354	0.153	10986	Uncertain	P2_subregion_within_africa	subregion	4	4	E_Africa	TRUE
GHND02	E_Africa	0.477	W_Africa	0.345	0.132	10962	Uncertain	P2_subregion_within_africa	subregion	4	4	W_Africa	FALSE
MLBM05	W_Africa	0.436	E_Africa	0.409	0.027	10915	Uncertain	P2_subregion_within_africa	subregion	4	4	W_Africa	TRUE
MWZB03	E_Africa	0.589	S_Africa	0.218	0.371	10947	Low	P2_subregion_within_africa	subregion	4	4	S_Africa	FALSE
MWZB05	E_Africa	0.494	S_Africa	0.313	0.181	10954	Uncertain	P2_subregion_within_africa	subregion	4	4	S_Africa	FALSE
SNBG03	W_Africa	0.432	E_Africa	0.419	0.013	10981	Uncertain	P2_subregion_within_africa	subregion	4	4	W_Africa	TRUE
SNBG05	W_Africa	0.474	E_Africa	0.375	0.099	10921	Uncertain	P2_subregion_within_africa	subregion	4	4	W_Africa	TRUE
UGEB04	E_Africa	0.6	W_Africa	0.251	0.349	10977	Low	P2_subregion_within_africa	subregion	4	4	E_Africa	TRUE
MadAmb2	E_Africa	0.856	W_Africa	0.071	0.785	10922	Moderate	P2_subregion_within_africa	subregion	4	5	E_Africa	TRUE
MadAmb3	E_Africa	0.837	S_Africa	0.079	0.758	10965	Low	P2_subregion_within_africa	subregion	4	5	E_Africa	TRUE
MadAmb5	E_Africa	0.853	W_Africa	0.064	0.789	10982	Moderate	P2_subregion_within_africa	subregion	4	5	E_Africa	TRUE
MadMan1	E_Africa	0.823	S_Africa	0.075	0.748	10924	Low	P2_subregion_within_africa	subregion	4	5	E_Africa	TRUE
MadMan3	E_Africa	0.782	W_Africa	0.138	0.644	10870	Low	P2_subregion_within_africa	subregion	4	5	E_Africa	TRUE
MayDem4	E_Africa	0.799	W_Africa	0.115	0.684	10979	Low	P2_subregion_within_africa	subregion	4	5	E_Africa	TRUE
BIBJ04	E_Africa	0.544	W_Africa	0.263	0.281	10973	Low	P2_subregion_within_africa	subregion	4	5	E_Africa	TRUE
CDKB05	E_Africa	0.398	C_Africa	0.395	0.003	10989	Uncertain	P2_subregion_within_africa	subregion	4	5	C_Africa	FALSE
CIBD03	E_Africa	0.434	W_Africa	0.419	0.015	10967	Uncertain	P2_subregion_within_africa	subregion	4	5	W_Africa	FALSE
GHND01	E_Africa	0.428	W_Africa	0.427	0.001	10965	Uncertain	P2_subregion_within_africa	subregion	4	5	W_Africa	FALSE
KENB01	E_Africa	0.648	W_Africa	0.211	0.437	10987	Low	P2_subregion_within_africa	subregion	4	5	E_Africa	TRUE
KENB04	E_Africa	0.622	W_Africa	0.213	0.409	10989	Low	P2_subregion_within_africa	subregion	4	5	E_Africa	TRUE
MGAT05	E_Africa	0.803	W_Africa	0.111	0.692	10982	Low	P2_subregion_within_africa	subregion	4	5	E_Africa	TRUE
MLBM01	E_Africa	0.46	W_Africa	0.405	0.055	10993	Uncertain	P2_subregion_within_africa	subregion	4	5	W_Africa	FALSE
MLBM03	E_Africa	0.511	W_Africa	0.344	0.167	10968	Uncertain	P2_subregion_within_africa	subregion	4	5	W_Africa	FALSE
MWZB02	E_Africa	0.49	S_Africa	0.315	0.175	10974	Uncertain	P2_subregion_within_africa	subregion	4	5	S_Africa	FALSE
SDSG01	E_Africa	0.531	W_Africa	0.26	0.271	10959	Low	P2_subregion_within_africa	subregion	4	5	E_Africa	TRUE
SDSG04	E_Africa	0.489	W_Africa	0.309	0.18	10831	Uncertain	P2_subregion_within_africa	subregion	4	5	E_Africa	TRUE
UGEB05	E_Africa	0.629	W_Africa	0.23	0.399	10979	Low	P2_subregion_within_africa	subregion	4	5	E_Africa	TRUE
ZAMP04	E_Africa	0.456	S_Africa	0.294	0.162	10975	Uncertain	P2_subregion_within_africa	subregion	4	5	S_Africa	FALSE
ComGra5	E_Africa	0.702	W_Africa	0.159	0.543	10918	Low	P2_subregion_within_africa	subregion	5	1	E_Africa	TRUE
MadAmb1	E_Africa	0.797	W_Africa	0.1	0.697	10956	Low	P2_subregion_within_africa	subregion	5	1	E_Africa	TRUE
MadAmb5	E_Africa	0.867	W_Africa	0.065	0.802	10982	Moderate	P2_subregion_within_africa	subregion	5	1	E_Africa	TRUE
MadMah1	E_Africa	0.811	W_Africa	0.101	0.71	10919	Low	P2_subregion_within_africa	subregion	5	1	E_Africa	TRUE
MadMan1	E_Africa	0.826	W_Africa	0.078	0.748	10924	Low	P2_subregion_within_africa	subregion	5	1	E_Africa	TRUE
MayDem2	E_Africa	0.795	W_Africa	0.102	0.693	10987	Low	P2_subregion_within_africa	subregion	5	1	E_Africa	TRUE
MaySad4	E_Africa	0.793	W_Africa	0.111	0.682	10984	Low	P2_subregion_within_africa	subregion	5	1	E_Africa	TRUE
CDKB05	C_Africa	0.364	E_Africa	0.363	0.001	10989	Uncertain	P2_subregion_within_africa	subregion	5	1	C_Africa	TRUE
CIBD05	E_Africa	0.47	W_Africa	0.355	0.115	10961	Uncertain	P2_subregion_within_africa	subregion	5	1	W_Africa	FALSE
ETMS02	E_Africa	0.599	W_Africa	0.234	0.365	10987	Low	P2_subregion_within_africa	subregion	5	1	E_Africa	TRUE
GHND05	E_Africa	0.439	W_Africa	0.429	0.01	10744	Uncertain	P2_subregion_within_africa	subregion	5	1	W_Africa	FALSE
KENB01	E_Africa	0.624	W_Africa	0.205	0.419	10987	Low	P2_subregion_within_africa	subregion	5	1	E_Africa	TRUE
KENB05	E_Africa	0.613	W_Africa	0.209	0.404	10962	Low	P2_subregion_within_africa	subregion	5	1	E_Africa	TRUE
MLBM03	E_Africa	0.464	W_Africa	0.377	0.087	10968	Uncertain	P2_subregion_within_africa	subregion	5	1	W_Africa	FALSE
MWZB02	E_Africa	0.498	S_Africa	0.306	0.192	10974	Uncertain	P2_subregion_within_africa	subregion	5	1	S_Africa	FALSE
NGNS03	W_Africa	0.457	E_Africa	0.397	0.06	10841	Uncertain	P2_subregion_within_africa	subregion	5	1	W_Africa	TRUE
SDSG02	E_Africa	0.614	W_Africa	0.239	0.375	10870	Low	P2_subregion_within_africa	subregion	5	1	E_Africa	TRUE
SDSG03	E_Africa	0.614	W_Africa	0.244	0.37	10981	Low	P2_subregion_within_africa	subregion	5	1	E_Africa	TRUE
SNBG01	E_Africa	0.43	W_Africa	0.4	0.03	10930	Uncertain	P2_subregion_within_africa	subregion	5	1	W_Africa	FALSE
UGEB01	E_Africa	0.501	W_Africa	0.318	0.183	10973	Uncertain	P2_subregion_within_africa	subregion	5	1	E_Africa	TRUE
UGEB05	E_Africa	0.635	W_Africa	0.237	0.398	10979	Low	P2_subregion_within_africa	subregion	5	1	E_Africa	TRUE
ZAMP02	E_Africa	0.507	S_Africa	0.243	0.264	10825	Low	P2_subregion_within_africa	subregion	5	1	S_Africa	FALSE
ComAnj1	E_Africa	0.675	W_Africa	0.205	0.47	10991	Low	P2_subregion_within_africa	subregion	5	2	E_Africa	TRUE
ComAnj2	E_Africa	0.672	W_Africa	0.167	0.505	10965	Low	P2_subregion_within_africa	subregion	5	2	E_Africa	TRUE
ComAnj5	E_Africa	0.714	W_Africa	0.147	0.567	10988	Low	P2_subregion_within_africa	subregion	5	2	E_Africa	TRUE
ComGra2	E_Africa	0.632	W_Africa	0.18	0.452	10922	Low	P2_subregion_within_africa	subregion	5	2	E_Africa	TRUE
ComGra3	E_Africa	0.627	W_Africa	0.174	0.453	10972	Low	P2_subregion_within_africa	subregion	5	2	E_Africa	TRUE
ComMoh1	E_Africa	0.729	W_Africa	0.145	0.584	10792	Low	P2_subregion_within_africa	subregion	5	2	E_Africa	TRUE
ComMoh2	E_Africa	0.718	W_Africa	0.137	0.581	10988	Low	P2_subregion_within_africa	subregion	5	2	E_Africa	TRUE
MadAmb3	E_Africa	0.839	S_Africa	0.076	0.763	10965	Low	P2_subregion_within_africa	subregion	5	2	E_Africa	TRUE
MaySad3	E_Africa	0.796	W_Africa	0.101	0.695	10978	Low	P2_subregion_within_africa	subregion	5	2	E_Africa	TRUE
CDKB02	E_Africa	0.447	C_Africa	0.284	0.163	10932	Uncertain	P2_subregion_within_africa	subregion	5	2	C_Africa	FALSE
CIBD02	E_Africa	0.473	W_Africa	0.358	0.115	10970	Uncertain	P2_subregion_within_africa	subregion	5	2	W_Africa	FALSE
CIBD03	E_Africa	0.473	W_Africa	0.388	0.085	10967	Uncertain	P2_subregion_within_africa	subregion	5	2	W_Africa	FALSE
ETMS01	E_Africa	0.592	W_Africa	0.268	0.324	10801	Low	P2_subregion_within_africa	subregion	5	2	E_Africa	TRUE
ETMS03	E_Africa	0.588	W_Africa	0.227	0.361	10993	Low	P2_subregion_within_africa	subregion	5	2	E_Africa	TRUE
MGAT05	E_Africa	0.82	W_Africa	0.102	0.718	10982	Low	P2_subregion_within_africa	subregion	5	2	E_Africa	TRUE
MLBM01	E_Africa	0.458	W_Africa	0.407	0.0510000000000001	10993	Uncertain	P2_subregion_within_africa	subregion	5	2	W_Africa	FALSE
MLBM02	E_Africa	0.438	W_Africa	0.413	0.025	10982	Uncertain	P2_subregion_within_africa	subregion	5	2	W_Africa	FALSE
MWZB01	E_Africa	0.476	S_Africa	0.326	0.15	10925	Uncertain	P2_subregion_within_africa	subregion	5	2	S_Africa	FALSE
MWZB03	E_Africa	0.571	S_Africa	0.255	0.316	10947	Low	P2_subregion_within_africa	subregion	5	2	S_Africa	FALSE
NGNS01	E_Africa	0.511	W_Africa	0.349	0.162	10939	Uncertain	P2_subregion_within_africa	subregion	5	2	W_Africa	FALSE
SDSG05	E_Africa	0.543	W_Africa	0.281	0.262	10850	Low	P2_subregion_within_africa	subregion	5	2	E_Africa	TRUE
UGEB03	E_Africa	0.592	W_Africa	0.245	0.347	10984	Low	P2_subregion_within_africa	subregion	5	2	E_Africa	TRUE
ComAnj4	E_Africa	0.704	W_Africa	0.144	0.56	10976	Low	P2_subregion_within_africa	subregion	5	3	E_Africa	TRUE
ComMoh4	E_Africa	0.692	W_Africa	0.185	0.507	10924	Low	P2_subregion_within_africa	subregion	5	3	E_Africa	TRUE
MadAmb4	E_Africa	0.834	W_Africa	0.077	0.757	10957	Low	P2_subregion_within_africa	subregion	5	3	E_Africa	TRUE
MadMah3	E_Africa	0.814	W_Africa	0.101	0.713	10960	Low	P2_subregion_within_africa	subregion	5	3	E_Africa	TRUE
MadMan5	E_Africa	0.809	W_Africa	0.092	0.717	10930	Low	P2_subregion_within_africa	subregion	5	3	E_Africa	TRUE
MaySad1	E_Africa	0.793	W_Africa	0.096	0.697	10983	Low	P2_subregion_within_africa	subregion	5	3	E_Africa	TRUE
BIBJ01	E_Africa	0.6	W_Africa	0.23	0.37	10909	Low	P2_subregion_within_africa	subregion	5	3	E_Africa	TRUE
BIBJ05	E_Africa	0.649	W_Africa	0.187	0.462	10849	Low	P2_subregion_within_africa	subregion	5	3	E_Africa	TRUE
CDKB01	C_Africa	0.378	E_Africa	0.343	0.035	10904	Uncertain	P2_subregion_within_africa	subregion	5	3	C_Africa	TRUE
ETMS04	E_Africa	0.597	W_Africa	0.243	0.354	10993	Low	P2_subregion_within_africa	subregion	5	3	E_Africa	TRUE
GHND01	W_Africa	0.426	E_Africa	0.423	0.003	10965	Uncertain	P2_subregion_within_africa	subregion	5	3	W_Africa	TRUE
GHND02	E_Africa	0.477	W_Africa	0.348	0.129	10962	Uncertain	P2_subregion_within_africa	subregion	5	3	W_Africa	FALSE
GHND04	E_Africa	0.429	W_Africa	0.428	0.001	10946	Uncertain	P2_subregion_within_africa	subregion	5	3	W_Africa	FALSE
KENB02	E_Africa	0.601	W_Africa	0.225	0.376	10989	Low	P2_subregion_within_africa	subregion	5	3	E_Africa	TRUE
KENB03	E_Africa	0.596	W_Africa	0.226	0.37	10992	Low	P2_subregion_within_africa	subregion	5	3	E_Africa	TRUE
NGNS02	E_Africa	0.573	W_Africa	0.281	0.292	7645	Low	P2_subregion_within_africa	subregion	5	3	W_Africa	FALSE
SNBG04	E_Africa	0.512	W_Africa	0.361	0.151	10972	Uncertain	P2_subregion_within_africa	subregion	5	3	W_Africa	FALSE
UGEB02	E_Africa	0.643	W_Africa	0.185	0.458	10971	Low	P2_subregion_within_africa	subregion	5	3	E_Africa	TRUE
UGEB04	E_Africa	0.619	W_Africa	0.224	0.395	10977	Low	P2_subregion_within_africa	subregion	5	3	E_Africa	TRUE
ZAMP01	E_Africa	0.504	S_Africa	0.314	0.19	10916	Uncertain	P2_subregion_within_africa	subregion	5	3	S_Africa	FALSE
ZAMP05	E_Africa	0.464	S_Africa	0.261	0.203	10974	Low	P2_subregion_within_africa	subregion	5	3	S_Africa	FALSE
ComGra6	E_Africa	0.639	W_Africa	0.172	0.467	10985	Low	P2_subregion_within_africa	subregion	5	4	E_Africa	TRUE
ComMoh3	E_Africa	0.725	W_Africa	0.156	0.569	10838	Low	P2_subregion_within_africa	subregion	5	4	E_Africa	TRUE
ComMoh5	E_Africa	0.698	W_Africa	0.148	0.55	10981	Low	P2_subregion_within_africa	subregion	5	4	E_Africa	TRUE
MadMah2	E_Africa	0.888	W_Africa	0.064	0.824	10952	Moderate	P2_subregion_within_africa	subregion	5	4	E_Africa	TRUE
MadMah4	E_Africa	0.814	W_Africa	0.105	0.709	10941	Low	P2_subregion_within_africa	subregion	5	4	E_Africa	TRUE
MadMah5	E_Africa	0.791	W_Africa	0.102	0.689	10921	Low	P2_subregion_within_africa	subregion	5	4	E_Africa	TRUE
MadMan2	E_Africa	0.8	W_Africa	0.099	0.701	10932	Low	P2_subregion_within_africa	subregion	5	4	E_Africa	TRUE
MadMan4	E_Africa	0.806	W_Africa	0.105	0.701	10932	Low	P2_subregion_within_africa	subregion	5	4	E_Africa	TRUE
MayDem4	E_Africa	0.815	W_Africa	0.104	0.711	10979	Low	P2_subregion_within_africa	subregion	5	4	E_Africa	TRUE
MaySad5	E_Africa	0.757	W_Africa	0.13	0.627	10981	Low	P2_subregion_within_africa	subregion	5	4	E_Africa	TRUE
BIBJ04	E_Africa	0.554	W_Africa	0.263	0.291	10973	Low	P2_subregion_within_africa	subregion	5	4	E_Africa	TRUE
CDKB04	C_Africa	0.504	E_Africa	0.269	0.235	10980	Low	P2_subregion_within_africa	subregion	5	4	C_Africa	TRUE
GHND03	E_Africa	0.455	W_Africa	0.417	0.038	10838	Uncertain	P2_subregion_within_africa	subregion	5	4	W_Africa	FALSE
MLBM04	W_Africa	0.428	E_Africa	0.417	0.011	10976	Uncertain	P2_subregion_within_africa	subregion	5	4	W_Africa	TRUE
SDSG01	E_Africa	0.534	W_Africa	0.242	0.292	10959	Low	P2_subregion_within_africa	subregion	5	4	E_Africa	TRUE
SDSG04	E_Africa	0.451	W_Africa	0.318	0.133	10831	Uncertain	P2_subregion_within_africa	subregion	5	4	E_Africa	TRUE
SNBG02	E_Africa	0.469	W_Africa	0.39	0.079	10966	Uncertain	P2_subregion_within_africa	subregion	5	4	W_Africa	FALSE
SNBG05	W_Africa	0.476	E_Africa	0.37	0.106	10921	Uncertain	P2_subregion_within_africa	subregion	5	4	W_Africa	TRUE
ZAMP03	E_Africa	0.585	S_Africa	0.24	0.345	10869	Low	P2_subregion_within_africa	subregion	5	4	S_Africa	FALSE
ZAMP04	E_Africa	0.496	S_Africa	0.271	0.225	10975	Low	P2_subregion_within_africa	subregion	5	4	S_Africa	FALSE
ComAnj3	E_Africa	0.669	W_Africa	0.196	0.473	10970	Low	P2_subregion_within_africa	subregion	5	5	E_Africa	TRUE
ComGra1	E_Africa	0.615	W_Africa	0.191	0.424	10870	Low	P2_subregion_within_africa	subregion	5	5	E_Africa	TRUE
MadAmb2	E_Africa	0.86	S_Africa	0.061	0.799	10922	Moderate	P2_subregion_within_africa	subregion	5	5	E_Africa	TRUE
MadMan3	E_Africa	0.772	W_Africa	0.133	0.639	10870	Low	P2_subregion_within_africa	subregion	5	5	E_Africa	TRUE
MayDem1	E_Africa	0.83	W_Africa	0.104	0.726	10988	Low	P2_subregion_within_africa	subregion	5	5	E_Africa	TRUE
MayDem3	E_Africa	0.807	W_Africa	0.109	0.698	10975	Low	P2_subregion_within_africa	subregion	5	5	E_Africa	TRUE
MayDem5	E_Africa	0.796	W_Africa	0.105	0.691	10966	Low	P2_subregion_within_africa	subregion	5	5	E_Africa	TRUE
MaySad2	E_Africa	0.76	W_Africa	0.138	0.622	10982	Low	P2_subregion_within_africa	subregion	5	5	E_Africa	TRUE
BIBJ02	E_Africa	0.652	W_Africa	0.159	0.493	10878	Low	P2_subregion_within_africa	subregion	5	5	E_Africa	TRUE
BIBJ03	E_Africa	0.578	W_Africa	0.255	0.323	10957	Low	P2_subregion_within_africa	subregion	5	5	E_Africa	TRUE
CDKB03	C_Africa	0.471	E_Africa	0.304	0.167	10945	Uncertain	P2_subregion_within_africa	subregion	5	5	C_Africa	TRUE
CIBD01	E_Africa	0.451	W_Africa	0.413	0.038	10970	Uncertain	P2_subregion_within_africa	subregion	5	5	W_Africa	FALSE
CIBD04	E_Africa	0.469	W_Africa	0.384	0.085	10971	Uncertain	P2_subregion_within_africa	subregion	5	5	W_Africa	FALSE
ETMS05	E_Africa	0.512	W_Africa	0.367	0.145	10986	Uncertain	P2_subregion_within_africa	subregion	5	5	E_Africa	TRUE
KENB04	E_Africa	0.642	W_Africa	0.208	0.434	10989	Low	P2_subregion_within_africa	subregion	5	5	E_Africa	TRUE
MGAT06	E_Africa	0.755	W_Africa	0.148	0.607	10981	Low	P2_subregion_within_africa	subregion	5	5	E_Africa	TRUE
MLBM05	E_Africa	0.438	W_Africa	0.404	0.034	10915	Uncertain	P2_subregion_within_africa	subregion	5	5	W_Africa	FALSE
MWZB04	E_Africa	0.543	S_Africa	0.265	0.278	10970	Low	P2_subregion_within_africa	subregion	5	5	S_Africa	FALSE
MWZB05	E_Africa	0.481	S_Africa	0.283	0.198	10954	Uncertain	P2_subregion_within_africa	subregion	5	5	S_Africa	FALSE
SNBG03	W_Africa	0.427	E_Africa	0.418	0.00900000000000001	10981	Uncertain	P2_subregion_within_africa	subregion	5	5	W_Africa	TRUE
