panel_id	group_col	K	sample_id	top_group	top_posterior	second_group	second_posterior	posterior_gap	n_snps_used	confidence	status	note
P3_subregion_within_asia	subregion	1	Bd_2023_4						1	Low	too_few_snps	Need >= 300; have 1
P3_subregion_within_asia	subregion	1	Bd_2023_5						1	Low	too_few_snps	Need >= 300; have 1
P3_subregion_within_asia	subregion	1	Bd_2023_6						1	Low	too_few_snps	Need >= 300; have 1
P3_subregion_within_asia	subregion	1	Bd_2024_1						1	Low	too_few_snps	Need >= 300; have 1
P3_subregion_within_asia	subregion	1	Bd_2024_3						1	Low	too_few_snps	Need >= 300; have 1
P3_subregion_within_asia	subregion	1	Bd_2024_4						1	Low	too_few_snps	Need >= 300; have 1
P3_subregion_within_asia	subregion	1	FAVV_14						1	Low	too_few_snps	Need >= 300; have 1
P3_subregion_within_asia	subregion	2	Bd_2023_4						2	Low	too_few_snps	Need >= 300; have 2
P3_subregion_within_asia	subregion	2	Bd_2023_5						2	Low	too_few_snps	Need >= 300; have 2
P3_subregion_within_asia	subregion	2	Bd_2023_6						2	Low	too_few_snps	Need >= 300; have 2
P3_subregion_within_asia	subregion	2	Bd_2024_1						2	Low	too_few_snps	Need >= 300; have 2
P3_subregion_within_asia	subregion	2	Bd_2024_3						2	Low	too_few_snps	Need >= 300; have 2
P3_subregion_within_asia	subregion	2	Bd_2024_4						2	Low	too_few_snps	Need >= 300; have 2
P3_subregion_within_asia	subregion	2	FAVV_14						2	Low	too_few_snps	Need >= 300; have 2
P3_subregion_within_asia	subregion	3	Bd_2023_4						3	Low	too_few_snps	Need >= 300; have 3
P3_subregion_within_asia	subregion	3	Bd_2023_5						3	Low	too_few_snps	Need >= 300; have 3
P3_subregion_within_asia	subregion	3	Bd_2023_6						3	Low	too_few_snps	Need >= 300; have 3
P3_subregion_within_asia	subregion	3	Bd_2024_1						3	Low	too_few_snps	Need >= 300; have 3
P3_subregion_within_asia	subregion	3	Bd_2024_3						3	Low	too_few_snps	Need >= 300; have 3
P3_subregion_within_asia	subregion	3	Bd_2024_4						3	Low	too_few_snps	Need >= 300; have 3
P3_subregion_within_asia	subregion	3	FAVV_14						3	Low	too_few_snps	Need >= 300; have 3
P3_subregion_within_asia	subregion	4	Bd_2023_4						4	Low	too_few_snps	Need >= 300; have 4
P3_subregion_within_asia	subregion	4	Bd_2023_5						4	Low	too_few_snps	Need >= 300; have 4
P3_subregion_within_asia	subregion	4	Bd_2023_6						4	Low	too_few_snps	Need >= 300; have 4
P3_subregion_within_asia	subregion	4	Bd_2024_1						4	Low	too_few_snps	Need >= 300; have 4
P3_subregion_within_asia	subregion	4	Bd_2024_3						4	Low	too_few_snps	Need >= 300; have 4
P3_subregion_within_asia	subregion	4	Bd_2024_4						4	Low	too_few_snps	Need >= 300; have 4
P3_subregion_within_asia	subregion	4	FAVV_14						4	Low	too_few_snps	Need >= 300; have 4
P3_subregion_within_asia	subregion	5	Bd_2023_4						5	Low	too_few_snps	Need >= 300; have 5
P3_subregion_within_asia	subregion	5	Bd_2023_5						5	Low	too_few_snps	Need >= 300; have 5
P3_subregion_within_asia	subregion	5	Bd_2023_6						5	Low	too_few_snps	Need >= 300; have 5
P3_subregion_within_asia	subregion	5	Bd_2024_1						5	Low	too_few_snps	Need >= 300; have 5
P3_subregion_within_asia	subregion	5	Bd_2024_3						5	Low	too_few_snps	Need >= 300; have 5
P3_subregion_within_asia	subregion	5	Bd_2024_4						5	Low	too_few_snps	Need >= 300; have 5
P3_subregion_within_asia	subregion	5	FAVV_14						5	Low	too_few_snps	Need >= 300; have 5
P3_subregion_within_asia	subregion	10	Bd_2023_4						10	Low	too_few_snps	Need >= 300; have 10
P3_subregion_within_asia	subregion	10	Bd_2023_5						10	Low	too_few_snps	Need >= 300; have 10
P3_subregion_within_asia	subregion	10	Bd_2023_6						10	Low	too_few_snps	Need >= 300; have 10
P3_subregion_within_asia	subregion	10	Bd_2024_1						10	Low	too_few_snps	Need >= 300; have 10
P3_subregion_within_asia	subregion	10	Bd_2024_3						10	Low	too_few_snps	Need >= 300; have 10
P3_subregion_within_asia	subregion	10	Bd_2024_4						10	Low	too_few_snps	Need >= 300; have 10
P3_subregion_within_asia	subregion	10	FAVV_14						10	Low	too_few_snps	Need >= 300; have 10
P3_subregion_within_asia	subregion	20	Bd_2023_4						20	Low	too_few_snps	Need >= 300; have 20
P3_subregion_within_asia	subregion	20	Bd_2023_5						20	Low	too_few_snps	Need >= 300; have 20
P3_subregion_within_asia	subregion	20	Bd_2023_6						20	Low	too_few_snps	Need >= 300; have 20
P3_subregion_within_asia	subregion	20	Bd_2024_1						20	Low	too_few_snps	Need >= 300; have 20
P3_subregion_within_asia	subregion	20	Bd_2024_3						20	Low	too_few_snps	Need >= 300; have 20
P3_subregion_within_asia	subregion	20	Bd_2024_4						20	Low	too_few_snps	Need >= 300; have 20
P3_subregion_within_asia	subregion	20	FAVV_14						20	Low	too_few_snps	Need >= 300; have 20
P3_subregion_within_asia	subregion	50	Bd_2023_4						50	Low	too_few_snps	Need >= 300; have 50
P3_subregion_within_asia	subregion	50	Bd_2023_5						50	Low	too_few_snps	Need >= 300; have 50
P3_subregion_within_asia	subregion	50	Bd_2023_6						50	Low	too_few_snps	Need >= 300; have 50
P3_subregion_within_asia	subregion	50	Bd_2024_1						50	Low	too_few_snps	Need >= 300; have 50
P3_subregion_within_asia	subregion	50	Bd_2024_3						50	Low	too_few_snps	Need >= 300; have 50
P3_subregion_within_asia	subregion	50	Bd_2024_4						50	Low	too_few_snps	Need >= 300; have 50
P3_subregion_within_asia	subregion	50	FAVV_14						50	Low	too_few_snps	Need >= 300; have 50
P3_subregion_within_asia	subregion	100	Bd_2023_4						100	Low	too_few_snps	Need >= 300; have 100
P3_subregion_within_asia	subregion	100	Bd_2023_5						100	Low	too_few_snps	Need >= 300; have 100
P3_subregion_within_asia	subregion	100	Bd_2023_6						100	Low	too_few_snps	Need >= 300; have 100
P3_subregion_within_asia	subregion	100	Bd_2024_1						100	Low	too_few_snps	Need >= 300; have 100
P3_subregion_within_asia	subregion	100	Bd_2024_3						100	Low	too_few_snps	Need >= 300; have 100
P3_subregion_within_asia	subregion	100	Bd_2024_4						100	Low	too_few_snps	Need >= 300; have 100
P3_subregion_within_asia	subregion	100	FAVV_14						100	Low	too_few_snps	Need >= 300; have 100
P3_subregion_within_asia	subregion	200	Bd_2023_4						200	Low	too_few_snps	Need >= 300; have 200
P3_subregion_within_asia	subregion	200	Bd_2023_5						200	Low	too_few_snps	Need >= 300; have 200
P3_subregion_within_asia	subregion	200	Bd_2023_6						200	Low	too_few_snps	Need >= 300; have 200
P3_subregion_within_asia	subregion	200	Bd_2024_1						200	Low	too_few_snps	Need >= 300; have 200
P3_subregion_within_asia	subregion	200	Bd_2024_3						200	Low	too_few_snps	Need >= 300; have 200
P3_subregion_within_asia	subregion	200	Bd_2024_4						200	Low	too_few_snps	Need >= 300; have 200
P3_subregion_within_asia	subregion	200	FAVV_14						200	Low	too_few_snps	Need >= 300; have 200
P3_subregion_within_asia	subregion	500	Bd_2023_4	S_Asia	1	SE_Asia	4.62446810801965e-32	1	500	High	ok	""
P3_subregion_within_asia	subregion	500	Bd_2023_5	SE_Asia	0.783632514541674	E_Asia	0.216367485458323	0.567265029083352	500	Low	ok	""
P3_subregion_within_asia	subregion	500	Bd_2023_6	S_Asia	1	SE_Asia	8.72373303422011e-40	1	500	High	ok	""
P3_subregion_within_asia	subregion	500	Bd_2024_1	S_Asia	0.999999999999973	SE_Asia	2.71671241370854e-14	0.999999999999946	499	High	ok	""
P3_subregion_within_asia	subregion	500	Bd_2024_3	S_Asia	0.999999287333286	SE_Asia	7.12666713728956e-07	0.999998574666573	500	High	ok	""
P3_subregion_within_asia	subregion	500	Bd_2024_4	S_Asia	0.999999780354469	E_Asia	1.41981609489582e-07	0.999999638372859	500	High	ok	""
P3_subregion_within_asia	subregion	500	FAVV_14	S_Asia	1	SE_Asia	1.82587688543977e-52	1	500	High	ok	""
P3_subregion_within_asia	subregion	1000	Bd_2023_4	S_Asia	1	SE_Asia	7.32745298134102e-48	1	1000	High	ok	""
P3_subregion_within_asia	subregion	1000	Bd_2023_5	E_Asia	1	SE_Asia	1.19052760836764e-18	1	1000	High	ok	""
P3_subregion_within_asia	subregion	1000	Bd_2023_6	S_Asia	1	SE_Asia	1.75179425015209e-75	1	999	High	ok	""
P3_subregion_within_asia	subregion	1000	Bd_2024_1	S_Asia	1	SE_Asia	4.46078114038661e-26	1	999	High	ok	""
P3_subregion_within_asia	subregion	1000	Bd_2024_3	S_Asia	0.999999999999813	SE_Asia	1.8748859362629e-13	0.999999999999625	999	High	ok	""
P3_subregion_within_asia	subregion	1000	Bd_2024_4	S_Asia	0.999999999906909	E_Asia	9.30912053265775e-11	0.999999999813818	999	High	ok	""
P3_subregion_within_asia	subregion	1000	FAVV_14	S_Asia	1	E_Asia	6.71710253182587e-84	1	997	High	ok	""
P3_subregion_within_asia	subregion	2000	Bd_2023_4	S_Asia	1	E_Asia	1.0968472181666e-73	1	2000	High	ok	""
P3_subregion_within_asia	subregion	2000	Bd_2023_5	E_Asia	1	S_Asia	1.43755501845078e-37	1	1999	High	ok	""
P3_subregion_within_asia	subregion	2000	Bd_2023_6	S_Asia	1	SE_Asia	1.28390663951282e-116	1	1996	High	ok	""
P3_subregion_within_asia	subregion	2000	Bd_2024_1	S_Asia	1	E_Asia	3.49929645280327e-56	1	1998	High	ok	""
P3_subregion_within_asia	subregion	2000	Bd_2024_3	S_Asia	1	SE_Asia	1.16782818278808e-26	1	1998	High	ok	""
P3_subregion_within_asia	subregion	2000	Bd_2024_4	S_Asia	1	E_Asia	1.65268166350742e-24	1	1999	High	ok	""
P3_subregion_within_asia	subregion	2000	FAVV_14	S_Asia	1	E_Asia	9.09473821225966e-116	1	1997	High	ok	""
P3_subregion_within_asia	subregion	5000	Bd_2023_4	S_Asia	1	E_Asia	4.83095182196647e-87	1	4992	High	ok	""
P3_subregion_within_asia	subregion	5000	Bd_2023_5	E_Asia	1	S_Asia	1.15863210339421e-59	1	4993	High	ok	""
P3_subregion_within_asia	subregion	5000	Bd_2023_6	S_Asia	1	E_Asia	2.1373615600613e-162	1	4993	High	ok	""
P3_subregion_within_asia	subregion	5000	Bd_2024_1	S_Asia	1	E_Asia	1.27053657805336e-75	1	4987	High	ok	""
P3_subregion_within_asia	subregion	5000	Bd_2024_3	S_Asia	1	SE_Asia	1.45435676914854e-98	1	4995	High	ok	""
P3_subregion_within_asia	subregion	5000	Bd_2024_4	S_Asia	1	E_Asia	1.33219821150407e-39	1	4994	High	ok	""
P3_subregion_within_asia	subregion	5000	FAVV_14	S_Asia	1	E_Asia	5.0023654136164e-147	1	4992	High	ok	""
P3_subregion_within_asia	subregion	10000	Bd_2023_4	S_Asia	1	E_Asia	3.11081808925194e-85	1	9984	High	ok	""
P3_subregion_within_asia	subregion	10000	Bd_2023_5	E_Asia	1	S_Asia	4.98489578873013e-60	1	9984	High	ok	""
P3_subregion_within_asia	subregion	10000	Bd_2023_6	S_Asia	1	E_Asia	6.9583498563995e-185	1	9990	High	ok	""
P3_subregion_within_asia	subregion	10000	Bd_2024_1	S_Asia	1	E_Asia	2.71937669517401e-76	1	9975	High	ok	""
P3_subregion_within_asia	subregion	10000	Bd_2024_3	S_Asia	1	E_Asia	2.66880867782718e-124	1	9988	High	ok	""
P3_subregion_within_asia	subregion	10000	Bd_2024_4	S_Asia	1	E_Asia	2.35622115545669e-44	1	9991	High	ok	""
P3_subregion_within_asia	subregion	10000	FAVV_14	S_Asia	1	E_Asia	9.82154472742514e-156	1	9987	High	ok	""
P3_subregion_within_asia	subregion	11086	Bd_2023_4	S_Asia	1	E_Asia	1.65888946553371e-95	1	11070	High	ok	""
P3_subregion_within_asia	subregion	11086	Bd_2023_5	E_Asia	1	S_Asia	4.45363581161422e-57	1	11070	High	ok	""
P3_subregion_within_asia	subregion	11086	Bd_2023_6	S_Asia	1	E_Asia	2.70836020877928e-189	1	11075	High	ok	""
P3_subregion_within_asia	subregion	11086	Bd_2024_1	S_Asia	1	E_Asia	1.56505623275388e-85	1	11059	High	ok	""
P3_subregion_within_asia	subregion	11086	Bd_2024_3	S_Asia	1	E_Asia	8.29502186312922e-135	1	11074	High	ok	""
P3_subregion_within_asia	subregion	11086	Bd_2024_4	S_Asia	1	E_Asia	1.42759576129688e-45	1	11077	High	ok	""
P3_subregion_within_asia	subregion	11086	FAVV_14	S_Asia	1	E_Asia	3.77934333794494e-163	1	11072	High	ok	""
