script	option	type	action	default_R_expression	help
steps/00_convert_phylip_to_fasta/run.R	--in_dir	character	store	data/000_input_data/phy	Input directory with OMA/read2tree PHYLIP MSA files
steps/00_convert_phylip_to_fasta/run.R	--out_dir	character	store	results/00_fasta	Output directory
steps/00_convert_phylip_to_fasta/run.R	--file_glob	character	store	OG*.fa	Input file pattern
steps/00_convert_phylip_to_fasta/run.R	--max_files	integer	store	0	For testing: process first N files only; 0 = all
steps/00_convert_phylip_to_fasta/run.R	--cores	integer	store	0	Workers; 0 uses detected cores minus one
steps/00_convert_phylip_to_fasta/run.R	--wrap_width	integer	store	80	FASTA line width
steps/00_convert_phylip_to_fasta/run.R	--strict_length		store_true	FALSE	If TRUE, stop when reconstructed sequence length != header n_sites
steps/01_metadata_snapshot_and_ortholog_qc/run.R	--align_dir	character	store	results/00_fasta	Step 00 FASTA directory
steps/01_metadata_snapshot_and_ortholog_qc/run.R	--file_glob	character	store	OG*.fasta	Input file pattern
steps/01_metadata_snapshot_and_ortholog_qc/run.R	--metadata_xlsx	character	store	data/000_input_data/metadata.xlsx	Metadata Excel file
steps/01_metadata_snapshot_and_ortholog_qc/run.R	--metadata_sheet	character	store	Selection	Metadata Excel sheet name
steps/01_metadata_snapshot_and_ortholog_qc/run.R	--phy_dir	character	store	data/000_input_data/phy	Raw PHYLIP directory used for label consistency checks
steps/01_metadata_snapshot_and_ortholog_qc/run.R	--phy_glob	character	store	OG*.fa	Raw PHYLIP file pattern for label consistency checks
steps/01_metadata_snapshot_and_ortholog_qc/run.R	--out_dir	character	store	results/01_qc	Output directory
steps/01_metadata_snapshot_and_ortholog_qc/run.R	--min_len	integer	store	300	Minimum ortholog length
steps/01_metadata_snapshot_and_ortholog_qc/run.R	--min_nonmissing_frac	double	store	0.50	Per-sample minimum non-missing fraction used in occupancy checks
steps/01_metadata_snapshot_and_ortholog_qc/run.R	--min_pop_occupancy	double	store	0.70	Minimum represented fraction per population
steps/01_metadata_snapshot_and_ortholog_qc/run.R	--min_pop_occupancy_frac_pops	double	store	0.80	Fraction of populations meeting occupancy threshold
steps/01_metadata_snapshot_and_ortholog_qc/run.R	--max_mean_ambig	double	store	0.05	Maximum mean ambiguous fraction
steps/01_metadata_snapshot_and_ortholog_qc/run.R	--exclude_regex	character	store	^$	Taxon exclusion pattern
steps/01_metadata_snapshot_and_ortholog_qc/run.R	--allowed_extra_labels	character	store	Bdors,Blati	Alignment labels allowed outside metadata
steps/01_metadata_snapshot_and_ortholog_qc/run.R	--cores	integer	store	0	Workers; 0 uses detected cores minus one
steps/01_metadata_snapshot_and_ortholog_qc/run.R	--debug_n	integer	store	0	Process first N orthologs; 0 means all
steps/01_metadata_snapshot_and_ortholog_qc/run.R	--no_sample_missingness		store_true	FALSE	Skip writing sample_missingness.tsv/rds
steps/01_metadata_snapshot_and_ortholog_qc/run.R	--label_check	character	store	all	Label consistency check against raw PHYLIP files: all, first, none
steps/02_snp_panel_discovery_and_ranking/run.R	--align_dir	character	store	results/00_fasta	Step 00 FASTA directory
steps/02_snp_panel_discovery_and_ranking/run.R	--file_glob	character	store	OG*.fasta	Input file pattern
steps/02_snp_panel_discovery_and_ranking/run.R	--qc_dir	character	store	results/01_qc	Step 01 QC directory
steps/02_snp_panel_discovery_and_ranking/run.R	--out_dir	character	store	results/02_snp_panels	Output directory
steps/02_snp_panel_discovery_and_ranking/run.R	--reference_value	character	store	auto	Which is_reference value means reference DB: auto, TRUE, or FALSE
steps/02_snp_panel_discovery_and_ranking/run.R	--macroregions	character	store	Africa,Asia	Comma-separated macroregion_3 values used for P1/P2/P3
steps/02_snp_panel_discovery_and_ranking/run.R	--max_site_missing	double	store	0.20	Maximum reference missing fraction per SNP
steps/02_snp_panel_discovery_and_ranking/run.R	--min_mac	integer	store	2	Minimum reference minor allele count
steps/02_snp_panel_discovery_and_ranking/run.R	--min_ref_per_group	integer	store	3	Minimum references per class
steps/02_snp_panel_discovery_and_ranking/run.R	--max_snps_per_og	integer	store	1	Maximum SNPs per ortholog and panel
steps/02_snp_panel_discovery_and_ranking/run.R	--exclude_regex	character	store	^$	Taxon exclusion pattern
steps/02_snp_panel_discovery_and_ranking/run.R	--allowed_extra_labels	character	store	Bdors,Blati	Alignment labels allowed outside metadata
steps/02_snp_panel_discovery_and_ranking/run.R	--cores	integer	store	0	Workers; 0 uses detected cores minus one
steps/02_snp_panel_discovery_and_ranking/run.R	--chunk_size	integer	store	300	FASTA files per processing chunk
steps/02_snp_panel_discovery_and_ranking/run.R	--debug_n	integer	store	0	Process first N orthologs; 0 means all
steps/02_snp_panel_discovery_and_ranking/run.R	--panel_sizes	character	store	20,50,100,200,500,1000,2000,5000	Marker panel sizes
steps/02_snp_panel_discovery_and_ranking/run.R	--write_tsv_matrix		store_true	FALSE	Also write compressed TSV SNP matrices
steps/02_snp_panel_discovery_and_ranking/run.R	--run_p4		store_true	FALSE	Generate optional population panel P4
steps/03_mutual_information_snp_diagnostics/run.R	--meta_path	character	store	results/01_qc/metadata_clean.tsv	Cleaned metadata file
steps/03_mutual_information_snp_diagnostics/run.R	--step3_dir	character	store	results/02_snp_panels	Step 02 SNP directory
steps/03_mutual_information_snp_diagnostics/run.R	--out_dir	character	store	results/03_mi_diagnostics	Output directory
steps/03_mutual_information_snp_diagnostics/run.R	--min_class_n	integer	store	3	Minimum reference specimens per class
steps/03_mutual_information_snp_diagnostics/run.R	--min_snps_keep	integer	store	50	Minimum SNPs per panel
steps/03_mutual_information_snp_diagnostics/run.R	--include_p4_if_present		store_true	FALSE	Include P4 when available
steps/04_hierarchical_origin_assignment/run.R	--qc_dir	character	store	results/01_qc	Step 01 QC directory
steps/04_hierarchical_origin_assignment/run.R	--step3_dir	character	store	results/02_snp_panels	Step 02 SNP directory
steps/04_hierarchical_origin_assignment/run.R	--out_dir	character	store	results/04_origin_assignment	Output directory
steps/04_hierarchical_origin_assignment/run.R	--out_xlsx	character	store	step4_assignment_multilevel_macroregion_first.xlsx	Workbook filename
steps/04_hierarchical_origin_assignment/run.R	--query_is_reference_value	character	store	FALSE	Metadata value identifying queries
steps/04_hierarchical_origin_assignment/run.R	--min_snps_query_macroregion	integer	store	200	Minimum usable SNPs for P1
steps/04_hierarchical_origin_assignment/run.R	--min_snps_query_subregion	integer	store	300	Minimum usable SNPs for P2 and P3
steps/04_hierarchical_origin_assignment/run.R	--pseudocount	double	store	0.5	Reference allele frequency pseudocount
steps/04_hierarchical_origin_assignment/run.R	--epsilon	double	store	0.02	Per site allele flip allowance
steps/04_hierarchical_origin_assignment/run.R	--high_posterior	double	store	0.95	High posterior threshold
steps/04_hierarchical_origin_assignment/run.R	--moderate_posterior	double	store	0.85	Moderate posterior threshold
steps/04_hierarchical_origin_assignment/run.R	--min_gap_macroregion	double	store	0.20	Minimum P1 posterior gap
steps/04_hierarchical_origin_assignment/run.R	--min_gap_subregion	double	store	0.25	Minimum P2 and P3 posterior gap
steps/04_hierarchical_origin_assignment/run.R	--base_K	character	store	1,2,3,4,5,10,20,50,100,200,500	Base K values
steps/04_hierarchical_origin_assignment/run.R	--extra_K	character	store	1000,2000,5000,10000	Additional K values when available
steps/04_hierarchical_origin_assignment/run.R	--auto_extend_K	character	store	TRUE	Include additional K values when available
steps/04_hierarchical_origin_assignment/run.R	--include_all_snps_K	character	store	TRUE	Add all eligible SNPs as final K
steps/04_hierarchical_origin_assignment/run.R	--max_K_points	integer	store	30	Maximum number of K values
steps/04_hierarchical_origin_assignment/run.R	--min_agreement	double	store	0.90	Minimum agreement with final class across usable K
steps/04_hierarchical_origin_assignment/run.R	--min_K_available	integer	store	6	Minimum usable K values
steps/04_hierarchical_origin_assignment/run.R	--tail_fraction	double	store	0.50	Largest K fraction used for tail agreement
steps/04_hierarchical_origin_assignment/run.R	--min_tail_agreement	double	store	1.00	Required tail agreement
steps/05_full_panel_loo_validation/run.R	--qc_dir	character	store	results/01_qc	Step 01 QC directory
steps/05_full_panel_loo_validation/run.R	--step3_dir	character	store	results/02_snp_panels	Step 02 SNP directory
steps/05_full_panel_loo_validation/run.R	--out_dir	character	store	results/05_loo_validation	Output directory
steps/05_full_panel_loo_validation/run.R	--panels	character	store	P1_macroregion_africa_vs_asia,P2_subregion_within_africa,P3_subregion_within_asia	Comma separated panel identifiers
steps/05_full_panel_loo_validation/run.R	--min_snps_query_macroregion	integer	store	200	Minimum usable SNPs for P1
steps/05_full_panel_loo_validation/run.R	--min_snps_query_subregion	integer	store	300	Minimum usable SNPs for P2 and P3
steps/05_full_panel_loo_validation/run.R	--min_ref_per_group	integer	store	3	Minimum references per class
steps/05_full_panel_loo_validation/run.R	--keep_snps_frac	double	store	0.70	Keep SNPs with at least this non-missing fraction across panel references
steps/05_full_panel_loo_validation/run.R	--pseudocount	double	store	0.5	Reference allele frequency pseudocount
steps/05_full_panel_loo_validation/run.R	--epsilon	double	store	0.02	Per site allele flip allowance
steps/05_full_panel_loo_validation/run.R	--high_posterior	double	store	0.95	High posterior threshold
steps/05_full_panel_loo_validation/run.R	--moderate_posterior	double	store	0.85	Moderate posterior threshold
steps/05_full_panel_loo_validation/run.R	--min_gap_macroregion	double	store	0.20	Minimum P1 posterior gap
steps/05_full_panel_loo_validation/run.R	--min_gap_subregion	double	store	0.25	Minimum P2 and P3 posterior gap
steps/05_full_panel_loo_validation/run.R	--base_K	character	store	1,2,3,4,5,10,20,50,100,200,500	Base K values
steps/05_full_panel_loo_validation/run.R	--extra_K	character	store	1000,2000,5000,10000	Additional K values when available
steps/05_full_panel_loo_validation/run.R	--auto_extend_K	character	store	TRUE	Include additional K values when available
steps/05_full_panel_loo_validation/run.R	--include_all_snps_K	character	store	TRUE	Add all eligible SNPs as final K
steps/05_full_panel_loo_validation/run.R	--max_K_points	integer	store	30	Maximum number of K values
steps/05_full_panel_loo_validation/run.R	--min_agreement	double	store	0.90	Minimum agreement with final class across usable K
steps/05_full_panel_loo_validation/run.R	--min_K_available	integer	store	6	Minimum usable K values
steps/05_full_panel_loo_validation/run.R	--tail_fraction	double	store	0.50	Largest K fraction used for tail agreement
steps/05_full_panel_loo_validation/run.R	--min_tail_agreement	double	store	1.00	Required tail agreement
steps/06_random_forest_corroboration/run.R	--qc_dir	character	store	results/01_qc	Step 01 QC directory
steps/06_random_forest_corroboration/run.R	--step3_dir	character	store	results/02_snp_panels	Step 02 SNP directory
steps/06_random_forest_corroboration/run.R	--step4_dir	character	store	results/04_origin_assignment	Step 04 assignment directory
steps/06_random_forest_corroboration/run.R	--out_dir	character	store	results/06_rf_corroboration	Output directory
steps/06_random_forest_corroboration/run.R	--panels	character	store	P1_macroregion_africa_vs_asia,P2_subregion_within_africa,P3_subregion_within_asia	Comma separated panel identifiers
steps/06_random_forest_corroboration/run.R	--query_is_reference_value	character	store	FALSE	Metadata value identifying queries
steps/06_random_forest_corroboration/run.R	--keep_snps_frac	double	store	0.70	Keep SNPs with at least this non-missing fraction across panel samples
steps/06_random_forest_corroboration/run.R	--min_snps_ref	integer	store	500	Drop reference samples with fewer than this many non-missing SNPs
steps/06_random_forest_corroboration/run.R	--min_snps_query	integer	store	200	Flag query samples with fewer than this many non-missing SNPs as uncertain
steps/06_random_forest_corroboration/run.R	--min_class_n	integer	store	5	Minimum reference specimens per class
steps/06_random_forest_corroboration/run.R	--trees	integer	store	1000	Number of trees
steps/06_random_forest_corroboration/run.R	--mtry	integer	store	0	mtry; 0 = sqrt(number of retained SNPs)
steps/06_random_forest_corroboration/run.R	--min_node_size	integer	store	1	Minimum node size for ranger
steps/06_random_forest_corroboration/run.R	--seed	integer	store	1	Base random seed
steps/06_random_forest_corroboration/run.R	--cores	integer	store	0	RF threads; 0 uses detected cores minus one
steps/06_random_forest_corroboration/run.R	--folds	integer	store	5	Number of stratified CV folds
steps/06_random_forest_corroboration/run.R	--reps	integer	store	5	Number of repeated CV rounds
steps/06_random_forest_corroboration/run.R	--write_cv_rows	character	store	TRUE	Write per-sample CV rows: TRUE/FALSE
steps/06_random_forest_corroboration/run.R	--high_prob	double	store	0.95	High-confidence RF threshold
steps/06_random_forest_corroboration/run.R	--moderate_prob	double	store	0.85	Moderate-confidence RF threshold
steps/06_random_forest_corroboration/run.R	--min_gap	double	store	0.20	Flag uncertain if top probability minus second probability is below this
steps/07_authority_facing_report/run.R	--step4_final	character	store	results/04_origin_assignment/final_assignment.tsv	Step 04 final assignment table
steps/07_authority_facing_report/run.R	--step4_params	character	store		Step 04 parameter TSV; empty uses step4_params.tsv beside --step4_final
steps/07_authority_facing_report/run.R	--step5_dir	character	store	results/06_rf_corroboration	Step 06 output directory
steps/07_authority_facing_report/run.R	--step4b_dir	character	store	results/05_loo_validation	Step 05 output directory
steps/07_authority_facing_report/run.R	--step6b_dir	character	store		Optional internal diagnostic-development Step 09 directory; empty skips reduced-panel sheets [default empty]
steps/07_authority_facing_report/run.R	--intercept_origin_file	character	store		Optional TSV with sample_id and sample_origin_country [default empty: use built-in FAVV mapping]
steps/07_authority_facing_report/run.R	--out_dir	character	store	results/07_authority_report	Output directory
steps/07_authority_facing_report/run.R	--out_xlsx	character	store	FINAL_origin_tracing_authority_REPORT.xlsx	Workbook filename
steps/07_authority_facing_report/run.R	--include_validation_sheets	character	store	TRUE	Include validation sheets if available: TRUE/FALSE
steps/validation/01_out_of_scope_challenge/run.R	--metadata	character	store	results/01_qc/metadata_clean.tsv	Cleaned benchmark metadata
steps/validation/01_out_of_scope_challenge/run.R	--step3_dir	character	store	results/02_snp_panels	Step 02 SNP directory
steps/validation/01_out_of_scope_challenge/run.R	--step4_script	character	store	steps/04_hierarchical_origin_assignment/run.R	Step 04 assignment script
steps/validation/01_out_of_scope_challenge/run.R	--out_dir	character	store	results/validation/01_out_of_scope_challenge	Output directory
steps/validation/02_grouped_geographic_cv/run.R	--qc_dir	character	store	results/01_qc	Step 01 QC directory
steps/validation/02_grouped_geographic_cv/run.R	--step2_dir	character	store	results/02_snp_panels	Step 02 SNP directory
steps/validation/02_grouped_geographic_cv/run.R	--loo_dir	character	store	results/05_loo_validation	Step 05 validation directory
steps/validation/02_grouped_geographic_cv/run.R	--out_dir	character	store	results/validation/02_grouped_geographic_cv	Output directory
steps/validation/02_grouped_geographic_cv/run.R	--panels	character	store	"paste( c( ""P1_macroregion_africa_vs_asia"", ""P2_subregion_within_africa"", ""P3_subregion_within_asia"" ), collapse = "","" )"	Comma separated panel identifiers
steps/validation/02_grouped_geographic_cv/run.R	--fold_units	character	store	country,site	Country or site holdouts, or both
steps/validation/02_grouped_geographic_cv/run.R	--n_cores	integer	store	0L	Workers; 0 uses detected cores minus one, capped at eight
steps/validation/02_grouped_geographic_cv/run.R	--min_ref_per_group	integer	store	3L	Minimum references per class
steps/validation/02_grouped_geographic_cv/run.R	--max_site_missing	double	store	0.20	Maximum reference missing fraction per SNP
steps/validation/02_grouped_geographic_cv/run.R	--min_mac	integer	store	2L	Minimum reference minor allele count
steps/validation/02_grouped_geographic_cv/run.R	--foldwise_reranking	character	store	TRUE	Recalculate Hudson scores and ranking in each fold
steps/validation/02_grouped_geographic_cv/run.R	--pseudocount	double	store	0.5	Reference allele frequency pseudocount
steps/validation/02_grouped_geographic_cv/run.R	--epsilon	double	store	0.02	Per site allele flip allowance
steps/validation/02_grouped_geographic_cv/run.R	--min_snps_query_macroregion	integer	store	200L	Minimum usable SNPs for P1
steps/validation/02_grouped_geographic_cv/run.R	--min_snps_query_subregion	integer	store	300L	Minimum usable SNPs for P2 and P3
steps/validation/02_grouped_geographic_cv/run.R	--high_posterior	double	store	0.95	High posterior threshold
steps/validation/02_grouped_geographic_cv/run.R	--moderate_posterior	double	store	0.85	Moderate posterior threshold
steps/validation/02_grouped_geographic_cv/run.R	--min_gap_macroregion	double	store	0.20	Minimum P1 posterior gap
steps/validation/02_grouped_geographic_cv/run.R	--min_gap_subregion	double	store	0.25	Minimum P2 and P3 posterior gap
steps/validation/02_grouped_geographic_cv/run.R	--base_K	character	store	1,2,3,4,5,10,20,50,100,200,500	Base K values
steps/validation/02_grouped_geographic_cv/run.R	--extra_K	character	store	1000,2000,5000,10000	Additional K values when available
steps/validation/02_grouped_geographic_cv/run.R	--auto_extend_K	character	store	TRUE	Include additional K values when available
steps/validation/02_grouped_geographic_cv/run.R	--include_all_snps_K	character	store	TRUE	Add all eligible SNPs as final K
steps/validation/02_grouped_geographic_cv/run.R	--max_K_points	integer	store	30L	Maximum number of K values
steps/validation/02_grouped_geographic_cv/run.R	--min_agreement	double	store	0.90	Minimum agreement with final class across usable K
steps/validation/02_grouped_geographic_cv/run.R	--min_K_available	integer	store	6L	Minimum usable K values
steps/validation/02_grouped_geographic_cv/run.R	--tail_fraction	double	store	0.50	Largest K fraction used for tail agreement
steps/validation/02_grouped_geographic_cv/run.R	--min_tail_agreement	double	store	1.00	Required tail agreement
steps/validation/02_grouped_geographic_cv/run.R	--top_markers_per_fold	integer	store	20L	Fold ranked markers retained for inspection
steps/validation/03_reference_set_audit/run.R	--qc_dir	character	store	results/01_qc	Step 01 QC directory
steps/validation/03_reference_set_audit/run.R	--step2_dir	character	store	results/02_snp_panels	Step 02 SNP directory
steps/validation/03_reference_set_audit/run.R	--out_dir	character	store	results/validation/03_reference_set_audit	Output directory
steps/validation/03_reference_set_audit/run.R	--duplicate_panel	character	store	P1_macroregion_africa_vs_asia	Panel for consensus profile comparison
steps/validation/03_reference_set_audit/run.R	--min_pairwise_snps	integer	store	1000L	Minimum shared SNPs for pairwise comparison
steps/validation/03_reference_set_audit/run.R	--near_duplicate_concordance	double	store	0.995	Near duplicate concordance threshold
steps/validation/03_reference_set_audit/run.R	--top_pair_rows	integer	store	200L	Most similar pairs retained
steps/validation/03_reference_set_audit/run.R	--min_fraction_ogs_seen	double	store	0.95	Ortholog completeness review threshold
steps/validation/03_reference_set_audit/run.R	--min_ref_per_group	integer	store	3L	Minimum references per class
steps/validation/04_mascarene_coding_sensitivity/run.R	--qc_dir	character	store	results/01_qc	Step 01 QC directory
steps/validation/04_mascarene_coding_sensitivity/run.R	--align_dir	character	store	results/00_fasta	Step 00 FASTA directory
steps/validation/04_mascarene_coding_sensitivity/run.R	--baseline_step2_dir	character	store	results/02_snp_panels	Baseline Step 02 directory
steps/validation/04_mascarene_coding_sensitivity/run.R	--baseline_step4_dir	character	store	results/04_origin_assignment	Baseline Step 04 directory
steps/validation/04_mascarene_coding_sensitivity/run.R	--baseline_step5_dir	character	store	results/05_loo_validation	Baseline Step 05 directory
steps/validation/04_mascarene_coding_sensitivity/run.R	--out_dir	character	store	results/validation/04_mascarene_coding_sensitivity	Output directory
steps/validation/04_mascarene_coding_sensitivity/run.R	--cores	integer	store	0L	Workers; 0 uses detected cores minus one
steps/validation/04_mascarene_coding_sensitivity/run.R	--chunk_size	integer	store	300L	FASTA files per processing chunk
steps/validation/04_mascarene_coding_sensitivity/run.R	--resume	logical	store	TRUE	Reuse complete scenario steps
steps/validation/05_reference_downsampling/run.R	--qc_dir	character	store	results/01_qc	Step 01 QC directory
steps/validation/05_reference_downsampling/run.R	--step2_dir	character	store	results/02_snp_panels	Step 02 SNP directory
steps/validation/05_reference_downsampling/run.R	--assignment_dir	character	store	results/04_origin_assignment	Step 04 assignment directory
steps/validation/05_reference_downsampling/run.R	--loo_dir	character	store	results/05_loo_validation	Step 05 validation directory
steps/validation/05_reference_downsampling/run.R	--out_dir	character	store	results/validation/05_reference_downsampling	Output directory
steps/validation/05_reference_downsampling/run.R	--panels	character	store	"paste( c( ""P1_macroregion_africa_vs_asia"", ""P2_subregion_within_africa"", ""P3_subregion_within_asia"" ), collapse = "","" )"	Comma separated panel identifiers
steps/validation/05_reference_downsampling/run.R	--n_replicates	integer	store	30L	Replicates per panel and training size
steps/validation/05_reference_downsampling/run.R	--n_cores	integer	store	0L	Workers; 0 uses detected cores minus one, capped at eight
steps/validation/05_reference_downsampling/run.R	--seed	integer	store	20260930L	Base random seed
steps/validation/05_reference_downsampling/run.R	--training_sizes	character	store	3,5,10,20,40,80,100	References per class; also test maximum balanced size
steps/validation/05_reference_downsampling/run.R	--test_per_group	integer	store	5L	Maximum held out references per class and replicate
steps/validation/05_reference_downsampling/run.R	--min_ref_per_group	integer	store	3L	Minimum references per class
steps/validation/05_reference_downsampling/run.R	--max_site_missing	double	store	0.20	Maximum reference missing fraction per SNP
steps/validation/05_reference_downsampling/run.R	--min_mac	integer	store	2L	Minimum reference minor allele count
steps/validation/05_reference_downsampling/run.R	--pseudocount	double	store	0.5	Reference allele frequency pseudocount
steps/validation/05_reference_downsampling/run.R	--epsilon	double	store	0.02	Per site allele flip allowance
steps/validation/05_reference_downsampling/run.R	--min_snps_query_macroregion	integer	store	200L	Minimum usable SNPs for P1
steps/validation/05_reference_downsampling/run.R	--min_snps_query_subregion	integer	store	300L	Minimum usable SNPs for P2 and P3
steps/validation/05_reference_downsampling/run.R	--high_posterior	double	store	0.95	High posterior threshold
steps/validation/05_reference_downsampling/run.R	--moderate_posterior	double	store	0.85	Moderate posterior threshold
steps/validation/05_reference_downsampling/run.R	--min_gap_macroregion	double	store	0.20	Minimum P1 posterior gap
steps/validation/05_reference_downsampling/run.R	--min_gap_subregion	double	store	0.25	Minimum P2 and P3 posterior gap
steps/validation/05_reference_downsampling/run.R	--base_K	character	store	1,2,3,4,5,10,20,50,100,200,500	Base K values
steps/validation/05_reference_downsampling/run.R	--extra_K	character	store	1000,2000,5000,10000	Additional K values when available
steps/validation/05_reference_downsampling/run.R	--auto_extend_K	character	store	TRUE	Include additional K values when available
steps/validation/05_reference_downsampling/run.R	--include_all_snps_K	character	store	TRUE	Add all eligible SNPs as final K
steps/validation/05_reference_downsampling/run.R	--max_K_points	integer	store	30L	Maximum number of K values
steps/validation/05_reference_downsampling/run.R	--min_agreement	double	store	0.90	Minimum agreement with final class across usable K
steps/validation/05_reference_downsampling/run.R	--min_K_available	integer	store	6L	Minimum usable K values
steps/validation/05_reference_downsampling/run.R	--tail_fraction	double	store	0.50	Largest K fraction used for tail agreement
steps/validation/05_reference_downsampling/run.R	--min_tail_agreement	double	store	1.00	Required tail agreement
steps/validation/05_reference_downsampling/run.R	--marker_overlap_K	character	store	20,100,500,2000,5000	K values for baseline marker overlap
steps/validation/06_marker_resampling/run.R	--qc_dir	character	store	results/01_qc	Step 01 QC directory
steps/validation/06_marker_resampling/run.R	--step2_dir	character	store	results/02_snp_panels	Step 02 SNP directory
steps/validation/06_marker_resampling/run.R	--assignment_dir	character	store	results/04_origin_assignment	Step 04 assignment directory
steps/validation/06_marker_resampling/run.R	--loo_dir	character	store	results/05_loo_validation	Step 05 validation directory
steps/validation/06_marker_resampling/run.R	--out_dir	character	store	results/validation/06_marker_resampling	Output directory
steps/validation/06_marker_resampling/run.R	--panels	character	store	"paste( c( ""P1_macroregion_africa_vs_asia"", ""P2_subregion_within_africa"", ""P3_subregion_within_asia"" ), collapse = "","" )"	Comma separated panel identifiers
steps/validation/06_marker_resampling/run.R	--panel_sizes	character	store	500,1000,2000,5000	Marker panel sizes
steps/validation/06_marker_resampling/run.R	--n_partitions	integer	store	15L	Complementary A/B partitions per panel and K
steps/validation/06_marker_resampling/run.R	--n_cores	integer	store	0L	Workers; 0 uses detected cores minus one, capped at eight
steps/validation/06_marker_resampling/run.R	--seed	integer	store	20261001L	Base random seed
steps/validation/06_marker_resampling/run.R	--pseudocount	double	store	0.5	Reference allele frequency pseudocount
steps/validation/06_marker_resampling/run.R	--epsilon	double	store	0.02	Per site allele flip allowance
steps/validation/06_marker_resampling/run.R	--min_snps_query_macroregion	integer	store	200L	Minimum usable SNPs for P1
steps/validation/06_marker_resampling/run.R	--min_snps_query_subregion	integer	store	300L	Minimum usable SNPs for P2 and P3
steps/validation/06_marker_resampling/run.R	--high_posterior	double	store	0.95	High posterior threshold
steps/validation/06_marker_resampling/run.R	--moderate_posterior	double	store	0.85	Moderate posterior threshold
steps/validation/06_marker_resampling/run.R	--min_gap_macroregion	double	store	0.20	Minimum P1 posterior gap
steps/validation/06_marker_resampling/run.R	--min_gap_subregion	double	store	0.25	Minimum P2 and P3 posterior gap
steps/validation/07_reference_exclusion_sensitivity/run.R	--qc_dir	character	store	results/01_qc	Step 01 QC directory
steps/validation/07_reference_exclusion_sensitivity/run.R	--align_dir	character	store	results/00_fasta	Step 00 FASTA directory
steps/validation/07_reference_exclusion_sensitivity/run.R	--baseline_step2_dir	character	store	results/02_snp_panels	Baseline Step 02 directory
steps/validation/07_reference_exclusion_sensitivity/run.R	--baseline_step4_dir	character	store	results/04_origin_assignment	Baseline Step 04 directory
steps/validation/07_reference_exclusion_sensitivity/run.R	--baseline_step5_dir	character	store	results/05_loo_validation	Baseline Step 05 directory
steps/validation/07_reference_exclusion_sensitivity/run.R	--out_dir	character	store	results/validation/07_exclusion	Output directory
steps/validation/07_reference_exclusion_sensitivity/run.R	--cores	integer	store	0L	Workers; 0 uses detected cores minus one
steps/validation/07_reference_exclusion_sensitivity/run.R	--chunk_size	integer	store	300L	FASTA files per processing chunk
steps/validation/07_reference_exclusion_sensitivity/run.R	--resume	logical	store	TRUE	Reuse complete scenario steps
