file	row	column	original_location	packaged_location
results/02_snp_panels/panels_index.tsv	2	panel_dir	C:/Users/virgilio/Documents/GitHub/PESTFLY/000_REVISION_JPS_PESTFLY_origin_tracing_pipeline/results/02_snp_panels/panels/P1_macroregion_africa_vs_asia	panels/P1_macroregion_africa_vs_asia
results/02_snp_panels/panels_index.tsv	3	panel_dir	C:/Users/virgilio/Documents/GitHub/PESTFLY/000_REVISION_JPS_PESTFLY_origin_tracing_pipeline/results/02_snp_panels/panels/P2_subregion_within_africa	panels/P2_subregion_within_africa
results/02_snp_panels/panels_index.tsv	4	panel_dir	C:/Users/virgilio/Documents/GitHub/PESTFLY/000_REVISION_JPS_PESTFLY_origin_tracing_pipeline/results/02_snp_panels/panels/P3_subregion_within_asia	panels/P3_subregion_within_asia
results/03_mi_diagnostics/panels_mi_index.tsv	2	panel_dir	C:/Users/virgilio/Documents/GitHub/PESTFLY/000_REVISION_JPS_PESTFLY_origin_tracing_pipeline/results/02_snp_panels/panels/P1_macroregion_africa_vs_asia	results/02_snp_panels/panels/P1_macroregion_africa_vs_asia
results/03_mi_diagnostics/panels_mi_index.tsv	2	snp_matrix_rds	C:/Users/virgilio/Documents/GitHub/PESTFLY/000_REVISION_JPS_PESTFLY_origin_tracing_pipeline/results/02_snp_panels/panels/P1_macroregion_africa_vs_asia/snp_matrix.rds	results/02_snp_panels/panels/P1_macroregion_africa_vs_asia/snp_matrix.rds
results/03_mi_diagnostics/panels_mi_index.tsv	2	mi_file	C:/Users/virgilio/Documents/GitHub/PESTFLY/000_REVISION_JPS_PESTFLY_origin_tracing_pipeline/results/02_snp_panels/panels/P1_macroregion_africa_vs_asia/snp_mi.tsv	results/02_snp_panels/panels/P1_macroregion_africa_vs_asia/snp_mi.tsv
results/03_mi_diagnostics/panels_mi_index.tsv	3	panel_dir	C:/Users/virgilio/Documents/GitHub/PESTFLY/000_REVISION_JPS_PESTFLY_origin_tracing_pipeline/results/02_snp_panels/panels/P2_subregion_within_africa	results/02_snp_panels/panels/P2_subregion_within_africa
results/03_mi_diagnostics/panels_mi_index.tsv	3	snp_matrix_rds	C:/Users/virgilio/Documents/GitHub/PESTFLY/000_REVISION_JPS_PESTFLY_origin_tracing_pipeline/results/02_snp_panels/panels/P2_subregion_within_africa/snp_matrix.rds	results/02_snp_panels/panels/P2_subregion_within_africa/snp_matrix.rds
results/03_mi_diagnostics/panels_mi_index.tsv	3	mi_file	C:/Users/virgilio/Documents/GitHub/PESTFLY/000_REVISION_JPS_PESTFLY_origin_tracing_pipeline/results/02_snp_panels/panels/P2_subregion_within_africa/snp_mi.tsv	results/02_snp_panels/panels/P2_subregion_within_africa/snp_mi.tsv
results/03_mi_diagnostics/panels_mi_index.tsv	4	panel_dir	C:/Users/virgilio/Documents/GitHub/PESTFLY/000_REVISION_JPS_PESTFLY_origin_tracing_pipeline/results/02_snp_panels/panels/P3_subregion_within_asia	results/02_snp_panels/panels/P3_subregion_within_asia
results/03_mi_diagnostics/panels_mi_index.tsv	4	snp_matrix_rds	C:/Users/virgilio/Documents/GitHub/PESTFLY/000_REVISION_JPS_PESTFLY_origin_tracing_pipeline/results/02_snp_panels/panels/P3_subregion_within_asia/snp_matrix.rds	results/02_snp_panels/panels/P3_subregion_within_asia/snp_matrix.rds
results/03_mi_diagnostics/panels_mi_index.tsv	4	mi_file	C:/Users/virgilio/Documents/GitHub/PESTFLY/000_REVISION_JPS_PESTFLY_origin_tracing_pipeline/results/02_snp_panels/panels/P3_subregion_within_asia/snp_mi.tsv	results/02_snp_panels/panels/P3_subregion_within_asia/snp_mi.tsv
results/05_loo_validation/step4b_loo_panels_index.tsv	2	panel_dir	C:/Users/virgilio/Documents/GitHub/PESTFLY/000_REVISION_JPS_PESTFLY_origin_tracing_pipeline/results/02_snp_panels/panels/P1_macroregion_africa_vs_asia	results/02_snp_panels/panels/P1_macroregion_africa_vs_asia
results/05_loo_validation/step4b_loo_panels_index.tsv	3	panel_dir	C:/Users/virgilio/Documents/GitHub/PESTFLY/000_REVISION_JPS_PESTFLY_origin_tracing_pipeline/results/02_snp_panels/panels/P2_subregion_within_africa	results/02_snp_panels/panels/P2_subregion_within_africa
results/05_loo_validation/step4b_loo_panels_index.tsv	4	panel_dir	C:/Users/virgilio/Documents/GitHub/PESTFLY/000_REVISION_JPS_PESTFLY_origin_tracing_pipeline/results/02_snp_panels/panels/P3_subregion_within_asia	results/02_snp_panels/panels/P3_subregion_within_asia
results/validation/04_mascarene_coding_sensitivity/return_bundle/baseline_asia_panels_index.tsv	2	panel_dir	C:/Users/virgilio/Documents/GitHub/PESTFLY/000_REVISION_JPS_PESTFLY_origin_tracing_pipeline/results/02_snp_panels/panels/P1_macroregion_africa_vs_asia	results/02_snp_panels/panels/P1_macroregion_africa_vs_asia
results/validation/04_mascarene_coding_sensitivity/return_bundle/baseline_asia_panels_index.tsv	3	panel_dir	C:/Users/virgilio/Documents/GitHub/PESTFLY/000_REVISION_JPS_PESTFLY_origin_tracing_pipeline/results/02_snp_panels/panels/P2_subregion_within_africa	results/02_snp_panels/panels/P2_subregion_within_africa
results/validation/04_mascarene_coding_sensitivity/return_bundle/baseline_asia_panels_index.tsv	4	panel_dir	C:/Users/virgilio/Documents/GitHub/PESTFLY/000_REVISION_JPS_PESTFLY_origin_tracing_pipeline/results/02_snp_panels/panels/P3_subregion_within_asia	results/02_snp_panels/panels/P3_subregion_within_asia
results/validation/04_mascarene_coding_sensitivity/return_bundle/excluded_other_panels_index.tsv	2	panel_dir	C:/Users/virgilio/Documents/GitHub/PESTFLY/000_REVISION_JPS_PESTFLY_origin_tracing_pipeline/results/reviewer_validation/04_mascarene_coding_sensitivity/scenarios/excluded_other/02_snp_panels/panels/P1_macroregion_africa_vs_asia	results/validation/04_mascarene_coding_sensitivity/scenarios/excluded_other/02_snp_panels/panels/P1_macroregion_africa_vs_asia
results/validation/04_mascarene_coding_sensitivity/return_bundle/excluded_other_panels_index.tsv	3	panel_dir	C:/Users/virgilio/Documents/GitHub/PESTFLY/000_REVISION_JPS_PESTFLY_origin_tracing_pipeline/results/reviewer_validation/04_mascarene_coding_sensitivity/scenarios/excluded_other/02_snp_panels/panels/P2_subregion_within_africa	results/validation/04_mascarene_coding_sensitivity/scenarios/excluded_other/02_snp_panels/panels/P2_subregion_within_africa
results/validation/04_mascarene_coding_sensitivity/return_bundle/excluded_other_panels_index.tsv	4	panel_dir	C:/Users/virgilio/Documents/GitHub/PESTFLY/000_REVISION_JPS_PESTFLY_origin_tracing_pipeline/results/reviewer_validation/04_mascarene_coding_sensitivity/scenarios/excluded_other/02_snp_panels/panels/P3_subregion_within_asia	results/validation/04_mascarene_coding_sensitivity/scenarios/excluded_other/02_snp_panels/panels/P3_subregion_within_asia
results/validation/04_mascarene_coding_sensitivity/return_bundle/geo_africa_panels_index.tsv	2	panel_dir	C:/Users/virgilio/Documents/GitHub/PESTFLY/000_REVISION_JPS_PESTFLY_origin_tracing_pipeline/results/reviewer_validation/04_mascarene_coding_sensitivity/scenarios/geo_africa/02_snp_panels/panels/P1_macroregion_africa_vs_asia	results/validation/04_mascarene_coding_sensitivity/scenarios/geo_africa/02_snp_panels/panels/P1_macroregion_africa_vs_asia
results/validation/04_mascarene_coding_sensitivity/return_bundle/geo_africa_panels_index.tsv	3	panel_dir	C:/Users/virgilio/Documents/GitHub/PESTFLY/000_REVISION_JPS_PESTFLY_origin_tracing_pipeline/results/reviewer_validation/04_mascarene_coding_sensitivity/scenarios/geo_africa/02_snp_panels/panels/P2_subregion_within_africa	results/validation/04_mascarene_coding_sensitivity/scenarios/geo_africa/02_snp_panels/panels/P2_subregion_within_africa
results/validation/04_mascarene_coding_sensitivity/return_bundle/geo_africa_panels_index.tsv	4	panel_dir	C:/Users/virgilio/Documents/GitHub/PESTFLY/000_REVISION_JPS_PESTFLY_origin_tracing_pipeline/results/reviewer_validation/04_mascarene_coding_sensitivity/scenarios/geo_africa/02_snp_panels/panels/P3_subregion_within_asia	results/validation/04_mascarene_coding_sensitivity/scenarios/geo_africa/02_snp_panels/panels/P3_subregion_within_asia
results/validation/04_mascarene_coding_sensitivity/return_bundle/panel_index_comparison.tsv	2	panel_dir	C:/Users/virgilio/Documents/GitHub/PESTFLY/000_REVISION_JPS_PESTFLY_origin_tracing_pipeline/results/02_snp_panels/panels/P1_macroregion_africa_vs_asia	results/02_snp_panels/panels/P1_macroregion_africa_vs_asia
results/validation/04_mascarene_coding_sensitivity/return_bundle/panel_index_comparison.tsv	3	panel_dir	C:/Users/virgilio/Documents/GitHub/PESTFLY/000_REVISION_JPS_PESTFLY_origin_tracing_pipeline/results/02_snp_panels/panels/P2_subregion_within_africa	results/02_snp_panels/panels/P2_subregion_within_africa
results/validation/04_mascarene_coding_sensitivity/return_bundle/panel_index_comparison.tsv	4	panel_dir	C:/Users/virgilio/Documents/GitHub/PESTFLY/000_REVISION_JPS_PESTFLY_origin_tracing_pipeline/results/02_snp_panels/panels/P3_subregion_within_asia	results/02_snp_panels/panels/P3_subregion_within_asia
results/validation/04_mascarene_coding_sensitivity/return_bundle/panel_index_comparison.tsv	5	panel_dir	C:/Users/virgilio/Documents/GitHub/PESTFLY/000_REVISION_JPS_PESTFLY_origin_tracing_pipeline/results/reviewer_validation/04_mascarene_coding_sensitivity/scenarios/geo_africa/02_snp_panels/panels/P1_macroregion_africa_vs_asia	results/validation/04_mascarene_coding_sensitivity/scenarios/geo_africa/02_snp_panels/panels/P1_macroregion_africa_vs_asia
results/validation/04_mascarene_coding_sensitivity/return_bundle/panel_index_comparison.tsv	6	panel_dir	C:/Users/virgilio/Documents/GitHub/PESTFLY/000_REVISION_JPS_PESTFLY_origin_tracing_pipeline/results/reviewer_validation/04_mascarene_coding_sensitivity/scenarios/geo_africa/02_snp_panels/panels/P2_subregion_within_africa	results/validation/04_mascarene_coding_sensitivity/scenarios/geo_africa/02_snp_panels/panels/P2_subregion_within_africa
results/validation/04_mascarene_coding_sensitivity/return_bundle/panel_index_comparison.tsv	7	panel_dir	C:/Users/virgilio/Documents/GitHub/PESTFLY/000_REVISION_JPS_PESTFLY_origin_tracing_pipeline/results/reviewer_validation/04_mascarene_coding_sensitivity/scenarios/geo_africa/02_snp_panels/panels/P3_subregion_within_asia	results/validation/04_mascarene_coding_sensitivity/scenarios/geo_africa/02_snp_panels/panels/P3_subregion_within_asia
results/validation/04_mascarene_coding_sensitivity/return_bundle/panel_index_comparison.tsv	8	panel_dir	C:/Users/virgilio/Documents/GitHub/PESTFLY/000_REVISION_JPS_PESTFLY_origin_tracing_pipeline/results/reviewer_validation/04_mascarene_coding_sensitivity/scenarios/excluded_other/02_snp_panels/panels/P1_macroregion_africa_vs_asia	results/validation/04_mascarene_coding_sensitivity/scenarios/excluded_other/02_snp_panels/panels/P1_macroregion_africa_vs_asia
results/validation/04_mascarene_coding_sensitivity/return_bundle/panel_index_comparison.tsv	9	panel_dir	C:/Users/virgilio/Documents/GitHub/PESTFLY/000_REVISION_JPS_PESTFLY_origin_tracing_pipeline/results/reviewer_validation/04_mascarene_coding_sensitivity/scenarios/excluded_other/02_snp_panels/panels/P2_subregion_within_africa	results/validation/04_mascarene_coding_sensitivity/scenarios/excluded_other/02_snp_panels/panels/P2_subregion_within_africa
results/validation/04_mascarene_coding_sensitivity/return_bundle/panel_index_comparison.tsv	10	panel_dir	C:/Users/virgilio/Documents/GitHub/PESTFLY/000_REVISION_JPS_PESTFLY_origin_tracing_pipeline/results/reviewer_validation/04_mascarene_coding_sensitivity/scenarios/excluded_other/02_snp_panels/panels/P3_subregion_within_asia	results/validation/04_mascarene_coding_sensitivity/scenarios/excluded_other/02_snp_panels/panels/P3_subregion_within_asia
results/validation/04_mascarene_coding_sensitivity/scenarios/excluded_other/02_snp_panels/panels_index.tsv	2	panel_dir	C:/Users/virgilio/Documents/GitHub/PESTFLY/000_REVISION_JPS_PESTFLY_origin_tracing_pipeline/results/reviewer_validation/04_mascarene_coding_sensitivity/scenarios/excluded_other/02_snp_panels/panels/P1_macroregion_africa_vs_asia	panels/P1_macroregion_africa_vs_asia
results/validation/04_mascarene_coding_sensitivity/scenarios/excluded_other/02_snp_panels/panels_index.tsv	3	panel_dir	C:/Users/virgilio/Documents/GitHub/PESTFLY/000_REVISION_JPS_PESTFLY_origin_tracing_pipeline/results/reviewer_validation/04_mascarene_coding_sensitivity/scenarios/excluded_other/02_snp_panels/panels/P2_subregion_within_africa	panels/P2_subregion_within_africa
results/validation/04_mascarene_coding_sensitivity/scenarios/excluded_other/02_snp_panels/panels_index.tsv	4	panel_dir	C:/Users/virgilio/Documents/GitHub/PESTFLY/000_REVISION_JPS_PESTFLY_origin_tracing_pipeline/results/reviewer_validation/04_mascarene_coding_sensitivity/scenarios/excluded_other/02_snp_panels/panels/P3_subregion_within_asia	panels/P3_subregion_within_asia
results/validation/04_mascarene_coding_sensitivity/scenarios/excluded_other/05_loo_validation/step4b_loo_panels_index.tsv	2	panel_dir	C:/Users/virgilio/Documents/GitHub/PESTFLY/000_REVISION_JPS_PESTFLY_origin_tracing_pipeline/results/reviewer_validation/04_mascarene_coding_sensitivity/scenarios/excluded_other/02_snp_panels/panels/P1_macroregion_africa_vs_asia	results/validation/04_mascarene_coding_sensitivity/scenarios/excluded_other/02_snp_panels/panels/P1_macroregion_africa_vs_asia
results/validation/04_mascarene_coding_sensitivity/scenarios/excluded_other/05_loo_validation/step4b_loo_panels_index.tsv	3	panel_dir	C:/Users/virgilio/Documents/GitHub/PESTFLY/000_REVISION_JPS_PESTFLY_origin_tracing_pipeline/results/reviewer_validation/04_mascarene_coding_sensitivity/scenarios/excluded_other/02_snp_panels/panels/P2_subregion_within_africa	results/validation/04_mascarene_coding_sensitivity/scenarios/excluded_other/02_snp_panels/panels/P2_subregion_within_africa
results/validation/04_mascarene_coding_sensitivity/scenarios/excluded_other/05_loo_validation/step4b_loo_panels_index.tsv	4	panel_dir	C:/Users/virgilio/Documents/GitHub/PESTFLY/000_REVISION_JPS_PESTFLY_origin_tracing_pipeline/results/reviewer_validation/04_mascarene_coding_sensitivity/scenarios/excluded_other/02_snp_panels/panels/P3_subregion_within_asia	results/validation/04_mascarene_coding_sensitivity/scenarios/excluded_other/02_snp_panels/panels/P3_subregion_within_asia
results/validation/04_mascarene_coding_sensitivity/scenarios/geo_africa/02_snp_panels/panels_index.tsv	2	panel_dir	C:/Users/virgilio/Documents/GitHub/PESTFLY/000_REVISION_JPS_PESTFLY_origin_tracing_pipeline/results/reviewer_validation/04_mascarene_coding_sensitivity/scenarios/geo_africa/02_snp_panels/panels/P1_macroregion_africa_vs_asia	panels/P1_macroregion_africa_vs_asia
results/validation/04_mascarene_coding_sensitivity/scenarios/geo_africa/02_snp_panels/panels_index.tsv	3	panel_dir	C:/Users/virgilio/Documents/GitHub/PESTFLY/000_REVISION_JPS_PESTFLY_origin_tracing_pipeline/results/reviewer_validation/04_mascarene_coding_sensitivity/scenarios/geo_africa/02_snp_panels/panels/P2_subregion_within_africa	panels/P2_subregion_within_africa
results/validation/04_mascarene_coding_sensitivity/scenarios/geo_africa/02_snp_panels/panels_index.tsv	4	panel_dir	C:/Users/virgilio/Documents/GitHub/PESTFLY/000_REVISION_JPS_PESTFLY_origin_tracing_pipeline/results/reviewer_validation/04_mascarene_coding_sensitivity/scenarios/geo_africa/02_snp_panels/panels/P3_subregion_within_asia	panels/P3_subregion_within_asia
results/validation/04_mascarene_coding_sensitivity/scenarios/geo_africa/05_loo_validation/step4b_loo_panels_index.tsv	2	panel_dir	C:/Users/virgilio/Documents/GitHub/PESTFLY/000_REVISION_JPS_PESTFLY_origin_tracing_pipeline/results/reviewer_validation/04_mascarene_coding_sensitivity/scenarios/geo_africa/02_snp_panels/panels/P1_macroregion_africa_vs_asia	results/validation/04_mascarene_coding_sensitivity/scenarios/geo_africa/02_snp_panels/panels/P1_macroregion_africa_vs_asia
results/validation/04_mascarene_coding_sensitivity/scenarios/geo_africa/05_loo_validation/step4b_loo_panels_index.tsv	3	panel_dir	C:/Users/virgilio/Documents/GitHub/PESTFLY/000_REVISION_JPS_PESTFLY_origin_tracing_pipeline/results/reviewer_validation/04_mascarene_coding_sensitivity/scenarios/geo_africa/02_snp_panels/panels/P2_subregion_within_africa	results/validation/04_mascarene_coding_sensitivity/scenarios/geo_africa/02_snp_panels/panels/P2_subregion_within_africa
results/validation/04_mascarene_coding_sensitivity/scenarios/geo_africa/05_loo_validation/step4b_loo_panels_index.tsv	4	panel_dir	C:/Users/virgilio/Documents/GitHub/PESTFLY/000_REVISION_JPS_PESTFLY_origin_tracing_pipeline/results/reviewer_validation/04_mascarene_coding_sensitivity/scenarios/geo_africa/02_snp_panels/panels/P3_subregion_within_asia	results/validation/04_mascarene_coding_sensitivity/scenarios/geo_africa/02_snp_panels/panels/P3_subregion_within_asia
results/validation/07_exclusion/return_bundle/exclude_combined_panels_index.tsv	2	panel_dir	C:/Users/virgilio/Documents/GitHub/PESTFLY/000_REVISION_JPS_PESTFLY_origin_tracing_pipeline/results/rv07/scenarios/exclude_combined/02_snp_panels/panels/P1_macroregion_africa_vs_asia	results/validation/07_exclusion/scenarios/exclude_combined/02_snp_panels/panels/P1_macroregion_africa_vs_asia
results/validation/07_exclusion/return_bundle/exclude_combined_panels_index.tsv	3	panel_dir	C:/Users/virgilio/Documents/GitHub/PESTFLY/000_REVISION_JPS_PESTFLY_origin_tracing_pipeline/results/rv07/scenarios/exclude_combined/02_snp_panels/panels/P2_subregion_within_africa	results/validation/07_exclusion/scenarios/exclude_combined/02_snp_panels/panels/P2_subregion_within_africa
results/validation/07_exclusion/return_bundle/exclude_combined_panels_index.tsv	4	panel_dir	C:/Users/virgilio/Documents/GitHub/PESTFLY/000_REVISION_JPS_PESTFLY_origin_tracing_pipeline/results/rv07/scenarios/exclude_combined/02_snp_panels/panels/P3_subregion_within_asia	results/validation/07_exclusion/scenarios/exclude_combined/02_snp_panels/panels/P3_subregion_within_asia
results/validation/07_exclusion/return_bundle/exclude_low_coverage_panels_index.tsv	2	panel_dir	C:/Users/virgilio/Documents/GitHub/PESTFLY/000_REVISION_JPS_PESTFLY_origin_tracing_pipeline/results/rv07/scenarios/exclude_low_coverage/02_snp_panels/panels/P1_macroregion_africa_vs_asia	results/validation/07_exclusion/scenarios/exclude_low_coverage/02_snp_panels/panels/P1_macroregion_africa_vs_asia
results/validation/07_exclusion/return_bundle/exclude_low_coverage_panels_index.tsv	3	panel_dir	C:/Users/virgilio/Documents/GitHub/PESTFLY/000_REVISION_JPS_PESTFLY_origin_tracing_pipeline/results/rv07/scenarios/exclude_low_coverage/02_snp_panels/panels/P2_subregion_within_africa	results/validation/07_exclusion/scenarios/exclude_low_coverage/02_snp_panels/panels/P2_subregion_within_africa
results/validation/07_exclusion/return_bundle/exclude_low_coverage_panels_index.tsv	4	panel_dir	C:/Users/virgilio/Documents/GitHub/PESTFLY/000_REVISION_JPS_PESTFLY_origin_tracing_pipeline/results/rv07/scenarios/exclude_low_coverage/02_snp_panels/panels/P3_subregion_within_asia	results/validation/07_exclusion/scenarios/exclude_low_coverage/02_snp_panels/panels/P3_subregion_within_asia
results/validation/07_exclusion/return_bundle/exclude_published_caution_panels_index.tsv	2	panel_dir	C:/Users/virgilio/Documents/GitHub/PESTFLY/000_REVISION_JPS_PESTFLY_origin_tracing_pipeline/results/rv07/scenarios/exclude_published_caution/02_snp_panels/panels/P1_macroregion_africa_vs_asia	results/validation/07_exclusion/scenarios/exclude_published_caution/02_snp_panels/panels/P1_macroregion_africa_vs_asia
results/validation/07_exclusion/return_bundle/exclude_published_caution_panels_index.tsv	3	panel_dir	C:/Users/virgilio/Documents/GitHub/PESTFLY/000_REVISION_JPS_PESTFLY_origin_tracing_pipeline/results/rv07/scenarios/exclude_published_caution/02_snp_panels/panels/P2_subregion_within_africa	results/validation/07_exclusion/scenarios/exclude_published_caution/02_snp_panels/panels/P2_subregion_within_africa
results/validation/07_exclusion/return_bundle/exclude_published_caution_panels_index.tsv	4	panel_dir	C:/Users/virgilio/Documents/GitHub/PESTFLY/000_REVISION_JPS_PESTFLY_origin_tracing_pipeline/results/rv07/scenarios/exclude_published_caution/02_snp_panels/panels/P3_subregion_within_asia	results/validation/07_exclusion/scenarios/exclude_published_caution/02_snp_panels/panels/P3_subregion_within_asia
results/validation/07_exclusion/return_bundle/panel_index_comparison.tsv	2	panel_dir	C:/Users/virgilio/Documents/GitHub/PESTFLY/000_REVISION_JPS_PESTFLY_origin_tracing_pipeline/results/02_snp_panels/panels/P1_macroregion_africa_vs_asia	results/02_snp_panels/panels/P1_macroregion_africa_vs_asia
results/validation/07_exclusion/return_bundle/panel_index_comparison.tsv	3	panel_dir	C:/Users/virgilio/Documents/GitHub/PESTFLY/000_REVISION_JPS_PESTFLY_origin_tracing_pipeline/results/02_snp_panels/panels/P2_subregion_within_africa	results/02_snp_panels/panels/P2_subregion_within_africa
results/validation/07_exclusion/return_bundle/panel_index_comparison.tsv	4	panel_dir	C:/Users/virgilio/Documents/GitHub/PESTFLY/000_REVISION_JPS_PESTFLY_origin_tracing_pipeline/results/02_snp_panels/panels/P3_subregion_within_asia	results/02_snp_panels/panels/P3_subregion_within_asia
results/validation/07_exclusion/return_bundle/panel_index_comparison.tsv	5	panel_dir	C:/Users/virgilio/Documents/GitHub/PESTFLY/000_REVISION_JPS_PESTFLY_origin_tracing_pipeline/results/rv07/scenarios/exclude_published_caution/02_snp_panels/panels/P1_macroregion_africa_vs_asia	results/validation/07_exclusion/scenarios/exclude_published_caution/02_snp_panels/panels/P1_macroregion_africa_vs_asia
results/validation/07_exclusion/return_bundle/panel_index_comparison.tsv	6	panel_dir	C:/Users/virgilio/Documents/GitHub/PESTFLY/000_REVISION_JPS_PESTFLY_origin_tracing_pipeline/results/rv07/scenarios/exclude_published_caution/02_snp_panels/panels/P2_subregion_within_africa	results/validation/07_exclusion/scenarios/exclude_published_caution/02_snp_panels/panels/P2_subregion_within_africa
results/validation/07_exclusion/return_bundle/panel_index_comparison.tsv	7	panel_dir	C:/Users/virgilio/Documents/GitHub/PESTFLY/000_REVISION_JPS_PESTFLY_origin_tracing_pipeline/results/rv07/scenarios/exclude_published_caution/02_snp_panels/panels/P3_subregion_within_asia	results/validation/07_exclusion/scenarios/exclude_published_caution/02_snp_panels/panels/P3_subregion_within_asia
results/validation/07_exclusion/return_bundle/panel_index_comparison.tsv	8	panel_dir	C:/Users/virgilio/Documents/GitHub/PESTFLY/000_REVISION_JPS_PESTFLY_origin_tracing_pipeline/results/rv07/scenarios/exclude_low_coverage/02_snp_panels/panels/P1_macroregion_africa_vs_asia	results/validation/07_exclusion/scenarios/exclude_low_coverage/02_snp_panels/panels/P1_macroregion_africa_vs_asia
results/validation/07_exclusion/return_bundle/panel_index_comparison.tsv	9	panel_dir	C:/Users/virgilio/Documents/GitHub/PESTFLY/000_REVISION_JPS_PESTFLY_origin_tracing_pipeline/results/rv07/scenarios/exclude_low_coverage/02_snp_panels/panels/P2_subregion_within_africa	results/validation/07_exclusion/scenarios/exclude_low_coverage/02_snp_panels/panels/P2_subregion_within_africa
results/validation/07_exclusion/return_bundle/panel_index_comparison.tsv	10	panel_dir	C:/Users/virgilio/Documents/GitHub/PESTFLY/000_REVISION_JPS_PESTFLY_origin_tracing_pipeline/results/rv07/scenarios/exclude_low_coverage/02_snp_panels/panels/P3_subregion_within_asia	results/validation/07_exclusion/scenarios/exclude_low_coverage/02_snp_panels/panels/P3_subregion_within_asia
results/validation/07_exclusion/return_bundle/panel_index_comparison.tsv	11	panel_dir	C:/Users/virgilio/Documents/GitHub/PESTFLY/000_REVISION_JPS_PESTFLY_origin_tracing_pipeline/results/rv07/scenarios/exclude_combined/02_snp_panels/panels/P1_macroregion_africa_vs_asia	results/validation/07_exclusion/scenarios/exclude_combined/02_snp_panels/panels/P1_macroregion_africa_vs_asia
results/validation/07_exclusion/return_bundle/panel_index_comparison.tsv	12	panel_dir	C:/Users/virgilio/Documents/GitHub/PESTFLY/000_REVISION_JPS_PESTFLY_origin_tracing_pipeline/results/rv07/scenarios/exclude_combined/02_snp_panels/panels/P2_subregion_within_africa	results/validation/07_exclusion/scenarios/exclude_combined/02_snp_panels/panels/P2_subregion_within_africa
results/validation/07_exclusion/return_bundle/panel_index_comparison.tsv	13	panel_dir	C:/Users/virgilio/Documents/GitHub/PESTFLY/000_REVISION_JPS_PESTFLY_origin_tracing_pipeline/results/rv07/scenarios/exclude_combined/02_snp_panels/panels/P3_subregion_within_asia	results/validation/07_exclusion/scenarios/exclude_combined/02_snp_panels/panels/P3_subregion_within_asia
results/validation/07_exclusion/return_bundle/primary_all_references_panels_index.tsv	2	panel_dir	C:/Users/virgilio/Documents/GitHub/PESTFLY/000_REVISION_JPS_PESTFLY_origin_tracing_pipeline/results/02_snp_panels/panels/P1_macroregion_africa_vs_asia	results/02_snp_panels/panels/P1_macroregion_africa_vs_asia
results/validation/07_exclusion/return_bundle/primary_all_references_panels_index.tsv	3	panel_dir	C:/Users/virgilio/Documents/GitHub/PESTFLY/000_REVISION_JPS_PESTFLY_origin_tracing_pipeline/results/02_snp_panels/panels/P2_subregion_within_africa	results/02_snp_panels/panels/P2_subregion_within_africa
results/validation/07_exclusion/return_bundle/primary_all_references_panels_index.tsv	4	panel_dir	C:/Users/virgilio/Documents/GitHub/PESTFLY/000_REVISION_JPS_PESTFLY_origin_tracing_pipeline/results/02_snp_panels/panels/P3_subregion_within_asia	results/02_snp_panels/panels/P3_subregion_within_asia
results/validation/07_exclusion/scenarios/exclude_combined/02_snp_panels/panels_index.tsv	2	panel_dir	C:/Users/virgilio/Documents/GitHub/PESTFLY/000_REVISION_JPS_PESTFLY_origin_tracing_pipeline/results/rv07/scenarios/exclude_combined/02_snp_panels/panels/P1_macroregion_africa_vs_asia	panels/P1_macroregion_africa_vs_asia
results/validation/07_exclusion/scenarios/exclude_combined/02_snp_panels/panels_index.tsv	3	panel_dir	C:/Users/virgilio/Documents/GitHub/PESTFLY/000_REVISION_JPS_PESTFLY_origin_tracing_pipeline/results/rv07/scenarios/exclude_combined/02_snp_panels/panels/P2_subregion_within_africa	panels/P2_subregion_within_africa
results/validation/07_exclusion/scenarios/exclude_combined/02_snp_panels/panels_index.tsv	4	panel_dir	C:/Users/virgilio/Documents/GitHub/PESTFLY/000_REVISION_JPS_PESTFLY_origin_tracing_pipeline/results/rv07/scenarios/exclude_combined/02_snp_panels/panels/P3_subregion_within_asia	panels/P3_subregion_within_asia
results/validation/07_exclusion/scenarios/exclude_combined/05_loo_validation/step4b_loo_panels_index.tsv	2	panel_dir	C:/Users/virgilio/Documents/GitHub/PESTFLY/000_REVISION_JPS_PESTFLY_origin_tracing_pipeline/results/rv07/scenarios/exclude_combined/02_snp_panels/panels/P1_macroregion_africa_vs_asia	results/validation/07_exclusion/scenarios/exclude_combined/02_snp_panels/panels/P1_macroregion_africa_vs_asia
results/validation/07_exclusion/scenarios/exclude_combined/05_loo_validation/step4b_loo_panels_index.tsv	3	panel_dir	C:/Users/virgilio/Documents/GitHub/PESTFLY/000_REVISION_JPS_PESTFLY_origin_tracing_pipeline/results/rv07/scenarios/exclude_combined/02_snp_panels/panels/P2_subregion_within_africa	results/validation/07_exclusion/scenarios/exclude_combined/02_snp_panels/panels/P2_subregion_within_africa
results/validation/07_exclusion/scenarios/exclude_combined/05_loo_validation/step4b_loo_panels_index.tsv	4	panel_dir	C:/Users/virgilio/Documents/GitHub/PESTFLY/000_REVISION_JPS_PESTFLY_origin_tracing_pipeline/results/rv07/scenarios/exclude_combined/02_snp_panels/panels/P3_subregion_within_asia	results/validation/07_exclusion/scenarios/exclude_combined/02_snp_panels/panels/P3_subregion_within_asia
results/validation/07_exclusion/scenarios/exclude_low_coverage/02_snp_panels/panels_index.tsv	2	panel_dir	C:/Users/virgilio/Documents/GitHub/PESTFLY/000_REVISION_JPS_PESTFLY_origin_tracing_pipeline/results/rv07/scenarios/exclude_low_coverage/02_snp_panels/panels/P1_macroregion_africa_vs_asia	panels/P1_macroregion_africa_vs_asia
results/validation/07_exclusion/scenarios/exclude_low_coverage/02_snp_panels/panels_index.tsv	3	panel_dir	C:/Users/virgilio/Documents/GitHub/PESTFLY/000_REVISION_JPS_PESTFLY_origin_tracing_pipeline/results/rv07/scenarios/exclude_low_coverage/02_snp_panels/panels/P2_subregion_within_africa	panels/P2_subregion_within_africa
results/validation/07_exclusion/scenarios/exclude_low_coverage/02_snp_panels/panels_index.tsv	4	panel_dir	C:/Users/virgilio/Documents/GitHub/PESTFLY/000_REVISION_JPS_PESTFLY_origin_tracing_pipeline/results/rv07/scenarios/exclude_low_coverage/02_snp_panels/panels/P3_subregion_within_asia	panels/P3_subregion_within_asia
results/validation/07_exclusion/scenarios/exclude_low_coverage/05_loo_validation/step4b_loo_panels_index.tsv	2	panel_dir	C:/Users/virgilio/Documents/GitHub/PESTFLY/000_REVISION_JPS_PESTFLY_origin_tracing_pipeline/results/rv07/scenarios/exclude_low_coverage/02_snp_panels/panels/P1_macroregion_africa_vs_asia	results/validation/07_exclusion/scenarios/exclude_low_coverage/02_snp_panels/panels/P1_macroregion_africa_vs_asia
results/validation/07_exclusion/scenarios/exclude_low_coverage/05_loo_validation/step4b_loo_panels_index.tsv	3	panel_dir	C:/Users/virgilio/Documents/GitHub/PESTFLY/000_REVISION_JPS_PESTFLY_origin_tracing_pipeline/results/rv07/scenarios/exclude_low_coverage/02_snp_panels/panels/P2_subregion_within_africa	results/validation/07_exclusion/scenarios/exclude_low_coverage/02_snp_panels/panels/P2_subregion_within_africa
results/validation/07_exclusion/scenarios/exclude_low_coverage/05_loo_validation/step4b_loo_panels_index.tsv	4	panel_dir	C:/Users/virgilio/Documents/GitHub/PESTFLY/000_REVISION_JPS_PESTFLY_origin_tracing_pipeline/results/rv07/scenarios/exclude_low_coverage/02_snp_panels/panels/P3_subregion_within_asia	results/validation/07_exclusion/scenarios/exclude_low_coverage/02_snp_panels/panels/P3_subregion_within_asia
results/validation/07_exclusion/scenarios/exclude_published_caution/02_snp_panels/panels_index.tsv	2	panel_dir	C:/Users/virgilio/Documents/GitHub/PESTFLY/000_REVISION_JPS_PESTFLY_origin_tracing_pipeline/results/rv07/scenarios/exclude_published_caution/02_snp_panels/panels/P1_macroregion_africa_vs_asia	panels/P1_macroregion_africa_vs_asia
results/validation/07_exclusion/scenarios/exclude_published_caution/02_snp_panels/panels_index.tsv	3	panel_dir	C:/Users/virgilio/Documents/GitHub/PESTFLY/000_REVISION_JPS_PESTFLY_origin_tracing_pipeline/results/rv07/scenarios/exclude_published_caution/02_snp_panels/panels/P2_subregion_within_africa	panels/P2_subregion_within_africa
results/validation/07_exclusion/scenarios/exclude_published_caution/02_snp_panels/panels_index.tsv	4	panel_dir	C:/Users/virgilio/Documents/GitHub/PESTFLY/000_REVISION_JPS_PESTFLY_origin_tracing_pipeline/results/rv07/scenarios/exclude_published_caution/02_snp_panels/panels/P3_subregion_within_asia	panels/P3_subregion_within_asia
results/validation/07_exclusion/scenarios/exclude_published_caution/05_loo_validation/step4b_loo_panels_index.tsv	2	panel_dir	C:/Users/virgilio/Documents/GitHub/PESTFLY/000_REVISION_JPS_PESTFLY_origin_tracing_pipeline/results/rv07/scenarios/exclude_published_caution/02_snp_panels/panels/P1_macroregion_africa_vs_asia	results/validation/07_exclusion/scenarios/exclude_published_caution/02_snp_panels/panels/P1_macroregion_africa_vs_asia
results/validation/07_exclusion/scenarios/exclude_published_caution/05_loo_validation/step4b_loo_panels_index.tsv	3	panel_dir	C:/Users/virgilio/Documents/GitHub/PESTFLY/000_REVISION_JPS_PESTFLY_origin_tracing_pipeline/results/rv07/scenarios/exclude_published_caution/02_snp_panels/panels/P2_subregion_within_africa	results/validation/07_exclusion/scenarios/exclude_published_caution/02_snp_panels/panels/P2_subregion_within_africa
results/validation/07_exclusion/scenarios/exclude_published_caution/05_loo_validation/step4b_loo_panels_index.tsv	4	panel_dir	C:/Users/virgilio/Documents/GitHub/PESTFLY/000_REVISION_JPS_PESTFLY_origin_tracing_pipeline/results/rv07/scenarios/exclude_published_caution/02_snp_panels/panels/P3_subregion_within_asia	results/validation/07_exclusion/scenarios/exclude_published_caution/02_snp_panels/panels/P3_subregion_within_asia
