sample_id	resolution	evaluated	usable_snps_value	usable_snps_threshold	usable_snps_result	posterior_value	posterior_threshold	posterior_result	posterior_gap_value	posterior_gap_threshold	posterior_gap_result	global_K_agreement_value	global_K_agreement_threshold	global_K_agreement_result	tail_K_agreement_value	tail_K_agreement_threshold	tail_K_agreement_result	usable_K_count_value	usable_K_count_threshold	usable_K_count_result	criteria_met	criteria_status	step04_confidence	matches_step04
Bd_2023_1	macroregion	True	686.0	200	PASS	1.0	0.85	PASS	1.0	0.2	PASS	1.0	0.9	PASS	1.0	1.0	PASS	3.0	6	FAIL	5.0	FAIL	Uncertain	True
Bd_2023_2	macroregion	True	3292.0	200	PASS	1.0	0.85	PASS	1.0	0.2	PASS	1.0	0.9	PASS	1.0	1.0	PASS	5.0	6	FAIL	5.0	FAIL	Uncertain	True
Bd_2023_3	macroregion	True	2879.0	200	PASS	1.0	0.85	PASS	1.0	0.2	PASS	1.0	0.9	PASS	1.0	1.0	PASS	5.0	6	FAIL	5.0	FAIL	Uncertain	True
Bd_2023_4	macroregion	True	11079.0	200	PASS	1.0	0.85	PASS	1.0	0.2	PASS	1.0	0.9	PASS	1.0	1.0	PASS	7.0	6	PASS	6.0	PASS	High	True
Bd_2023_5	macroregion	True	11080.0	200	PASS	1.0	0.85	PASS	1.0	0.2	PASS	1.0	0.9	PASS	1.0	1.0	PASS	7.0	6	PASS	6.0	PASS	High	True
Bd_2023_6	macroregion	True	11073.0	200	PASS	1.0	0.85	PASS	1.0	0.2	PASS	1.0	0.9	PASS	1.0	1.0	PASS	7.0	6	PASS	6.0	PASS	High	True
Bd_2023_7	macroregion	True	11081.0	200	PASS	1.0	0.85	PASS	1.0	0.2	PASS	1.0	0.9	PASS	1.0	1.0	PASS	6.0	6	PASS	6.0	PASS	High	True
Bd_2024_1	macroregion	True	11069.0	200	PASS	1.0	0.85	PASS	1.0	0.2	PASS	1.0	0.9	PASS	1.0	1.0	PASS	7.0	6	PASS	6.0	PASS	High	True
Bd_2024_2	macroregion	True	11063.0	200	PASS	1.0	0.85	PASS	1.0	0.2	PASS	1.0	0.9	PASS	1.0	1.0	PASS	6.0	6	PASS	6.0	PASS	High	True
Bd_2024_3	macroregion	True	11075.0	200	PASS	1.0	0.85	PASS	1.0	0.2	PASS	1.0	0.9	PASS	1.0	1.0	PASS	7.0	6	PASS	6.0	PASS	High	True
Bd_2024_4	macroregion	True	11079.0	200	PASS	1.0	0.85	PASS	1.0	0.2	PASS	1.0	0.9	PASS	1.0	1.0	PASS	7.0	6	PASS	6.0	PASS	High	True
FAVV_1	macroregion	True	11073.0	200	PASS	1.0	0.85	PASS	1.0	0.2	PASS	1.0	0.9	PASS	1.0	1.0	PASS	6.0	6	PASS	6.0	PASS	High	True
FAVV_11	macroregion	True	11076.0	200	PASS	1.0	0.85	PASS	1.0	0.2	PASS	1.0	0.9	PASS	1.0	1.0	PASS	6.0	6	PASS	6.0	PASS	High	True
FAVV_12	macroregion	True	11070.0	200	PASS	1.0	0.85	PASS	1.0	0.2	PASS	1.0	0.9	PASS	1.0	1.0	PASS	6.0	6	PASS	6.0	PASS	High	True
FAVV_13	macroregion	True	11062.0	200	PASS	1.0	0.85	PASS	1.0	0.2	PASS	1.0	0.9	PASS	1.0	1.0	PASS	6.0	6	PASS	6.0	PASS	High	True
FAVV_14	macroregion	True	11066.0	200	PASS	1.0	0.85	PASS	1.0	0.2	PASS	1.0	0.9	PASS	1.0	1.0	PASS	6.0	6	PASS	6.0	PASS	High	True
FAVV_2	macroregion	True	11069.0	200	PASS	1.0	0.85	PASS	1.0	0.2	PASS	1.0	0.9	PASS	1.0	1.0	PASS	6.0	6	PASS	6.0	PASS	High	True
FAVV_3	macroregion	True	11078.0	200	PASS	1.0	0.85	PASS	1.0	0.2	PASS	1.0	0.9	PASS	1.0	1.0	PASS	7.0	6	PASS	6.0	PASS	High	True
FAVV_4	macroregion	True	11071.0	200	PASS	1.0	0.85	PASS	1.0	0.2	PASS	1.0	0.9	PASS	1.0	1.0	PASS	7.0	6	PASS	6.0	PASS	High	True
FAVV_5	macroregion	True	11071.0	200	PASS	1.0	0.85	PASS	1.0	0.2	PASS	1.0	0.9	PASS	1.0	1.0	PASS	7.0	6	PASS	6.0	PASS	High	True
FAVV_6	macroregion	True	11074.0	200	PASS	1.0	0.85	PASS	1.0	0.2	PASS	1.0	0.9	PASS	1.0	1.0	PASS	7.0	6	PASS	6.0	PASS	High	True
FAVV_7	macroregion	True	11075.0	200	PASS	1.0	0.85	PASS	1.0	0.2	PASS	1.0	0.9	PASS	1.0	1.0	PASS	7.0	6	PASS	6.0	PASS	High	True
Bd_2023_1	subregion	False	NA	300	NOT_EVALUATED	NA	0.85	NOT_EVALUATED	NA	0.25	NOT_EVALUATED	NA	0.9	NOT_EVALUATED	NA	1.0	NOT_EVALUATED	NA	6	NOT_EVALUATED	NA	NOT_EVALUATED	Uncertain	True
Bd_2023_2	subregion	False	NA	300	NOT_EVALUATED	NA	0.85	NOT_EVALUATED	NA	0.25	NOT_EVALUATED	NA	0.9	NOT_EVALUATED	NA	1.0	NOT_EVALUATED	NA	6	NOT_EVALUATED	NA	NOT_EVALUATED	Uncertain	True
Bd_2023_3	subregion	False	NA	300	NOT_EVALUATED	NA	0.85	NOT_EVALUATED	NA	0.25	NOT_EVALUATED	NA	0.9	NOT_EVALUATED	NA	1.0	NOT_EVALUATED	NA	6	NOT_EVALUATED	NA	NOT_EVALUATED	Uncertain	True
Bd_2023_4	subregion	True	11070.0	300	PASS	1.0	0.85	PASS	1.0	0.25	PASS	1.0	0.9	PASS	1.0	1.0	PASS	6.0	6	PASS	6.0	PASS	High	True
Bd_2023_5	subregion	True	11070.0	300	PASS	1.0	0.85	PASS	1.0	0.25	PASS	0.833333333333333	0.9	FAIL	1.0	1.0	PASS	6.0	6	PASS	5.0	FAIL	Uncertain	True
Bd_2023_6	subregion	True	11075.0	300	PASS	1.0	0.85	PASS	1.0	0.25	PASS	1.0	0.9	PASS	1.0	1.0	PASS	6.0	6	PASS	6.0	PASS	High	True
Bd_2023_7	subregion	True	10993.0	300	PASS	1.0	0.85	PASS	1.0	0.25	PASS	0.5	0.9	FAIL	1.0	1.0	PASS	6.0	6	PASS	5.0	FAIL	Uncertain	True
Bd_2024_1	subregion	True	11059.0	300	PASS	1.0	0.85	PASS	1.0	0.25	PASS	1.0	0.9	PASS	1.0	1.0	PASS	6.0	6	PASS	6.0	PASS	High	True
Bd_2024_2	subregion	True	10984.0	300	PASS	0.999996129644487	0.85	PASS	0.999992259288973	0.25	PASS	0.5	0.9	FAIL	0.666666666666667	1.0	FAIL	6.0	6	PASS	4.0	FAIL	Uncertain	True
Bd_2024_3	subregion	True	11074.0	300	PASS	1.0	0.85	PASS	1.0	0.25	PASS	1.0	0.9	PASS	1.0	1.0	PASS	6.0	6	PASS	6.0	PASS	High	True
Bd_2024_4	subregion	True	11077.0	300	PASS	1.0	0.85	PASS	1.0	0.25	PASS	1.0	0.9	PASS	1.0	1.0	PASS	6.0	6	PASS	6.0	PASS	High	True
FAVV_1	subregion	True	10992.0	300	PASS	0.931552139662621	0.85	PASS	0.863104279325242	0.25	PASS	0.333333333333333	0.9	FAIL	0.666666666666667	1.0	FAIL	6.0	6	PASS	4.0	FAIL	Uncertain	True
FAVV_11	subregion	True	10998.0	300	PASS	1.0	0.85	PASS	1.0	0.25	PASS	0.333333333333333	0.9	FAIL	0.666666666666667	1.0	FAIL	6.0	6	PASS	4.0	FAIL	Uncertain	True
FAVV_12	subregion	True	10981.0	300	PASS	1.0	0.85	PASS	1.0	0.25	PASS	0.833333333333333	0.9	FAIL	1.0	1.0	PASS	6.0	6	PASS	5.0	FAIL	Uncertain	True
FAVV_13	subregion	True	10975.0	300	PASS	1.0	0.85	PASS	1.0	0.25	PASS	1.0	0.9	PASS	1.0	1.0	PASS	6.0	6	PASS	6.0	PASS	High	True
FAVV_14	subregion	True	11072.0	300	PASS	1.0	0.85	PASS	1.0	0.25	PASS	1.0	0.9	PASS	1.0	1.0	PASS	6.0	6	PASS	6.0	PASS	High	True
FAVV_2	subregion	True	10992.0	300	PASS	0.999999872479476	0.85	PASS	0.999999744958951	0.25	PASS	0.666666666666667	0.9	FAIL	1.0	1.0	PASS	6.0	6	PASS	5.0	FAIL	Uncertain	True
FAVV_3	subregion	True	10993.0	300	PASS	1.0	0.85	PASS	1.0	0.25	PASS	1.0	0.9	PASS	1.0	1.0	PASS	6.0	6	PASS	6.0	PASS	High	True
FAVV_4	subregion	True	10991.0	300	PASS	1.0	0.85	PASS	1.0	0.25	PASS	1.0	0.9	PASS	1.0	1.0	PASS	6.0	6	PASS	6.0	PASS	High	True
FAVV_5	subregion	True	10983.0	300	PASS	1.0	0.85	PASS	1.0	0.25	PASS	1.0	0.9	PASS	1.0	1.0	PASS	6.0	6	PASS	6.0	PASS	High	True
FAVV_6	subregion	True	10985.0	300	PASS	1.0	0.85	PASS	1.0	0.25	PASS	1.0	0.9	PASS	1.0	1.0	PASS	6.0	6	PASS	6.0	PASS	High	True
FAVV_7	subregion	True	10993.0	300	PASS	1.0	0.85	PASS	1.0	0.25	PASS	1.0	0.9	PASS	1.0	1.0	PASS	6.0	6	PASS	6.0	PASS	High	True
