component	version	record	source
R	4.5.1	results/01_qc/step1_2_run_info.rds	session_info.R.version
Biostrings	2.76.0	results/01_qc/step1_2_run_info.rds	session_info.otherPkgs
readxl	1.4.5	results/01_qc/step1_2_run_info.rds	session_info.otherPkgs
data.table	1.18.0	results/01_qc/step1_2_run_info.rds	session_info.otherPkgs
optparse	1.7.5	results/01_qc/step1_2_run_info.rds	session_info.otherPkgs
R	4.5.1	results/02_snp_panels/step3_run_info.rds	session_info.R.version
Biostrings	2.76.0	results/02_snp_panels/step3_run_info.rds	session_info.otherPkgs
data.table	1.18.0	results/02_snp_panels/step3_run_info.rds	session_info.otherPkgs
optparse	1.7.5	results/02_snp_panels/step3_run_info.rds	session_info.otherPkgs
R	4.5.1	results/03_mi_diagnostics/step03_run_info.rds	session_info.R.version
data.table	1.18.0	results/03_mi_diagnostics/step03_run_info.rds	session_info.otherPkgs
optparse	1.7.5	results/03_mi_diagnostics/step03_run_info.rds	session_info.otherPkgs
R	4.5.1	results/04_origin_assignment/step4_run_info.rds	session_info.R.version
openxlsx	4.2.8.1	results/04_origin_assignment/step4_run_info.rds	session_info.otherPkgs
data.table	1.18.0	results/04_origin_assignment/step4_run_info.rds	session_info.otherPkgs
optparse	1.7.5	results/04_origin_assignment/step4_run_info.rds	session_info.otherPkgs
R	4.5.1	results/05_loo_validation/step4b_run_info.rds	session_info.R.version
openxlsx	4.2.8.1	results/05_loo_validation/step4b_run_info.rds	session_info.otherPkgs
data.table	1.18.0	results/05_loo_validation/step4b_run_info.rds	session_info.otherPkgs
optparse	1.7.5	results/05_loo_validation/step4b_run_info.rds	session_info.otherPkgs
R	4.5.1	results/06_rf_corroboration/step5_run_info.rds	session_info.R.version
openxlsx	4.2.8.1	results/06_rf_corroboration/step5_run_info.rds	session_info.otherPkgs
data.table	1.18.0	results/06_rf_corroboration/step5_run_info.rds	session_info.otherPkgs
optparse	1.7.5	results/06_rf_corroboration/step5_run_info.rds	session_info.otherPkgs
ranger	0.17.0	results/06_rf_corroboration/step5_run_info.rds	session_info.loadedOnly
randomForest	4.7-1.2	results/06_rf_corroboration/step5_run_info.rds	session_info.loadedOnly
R	4.5.1	results/07_authority_report/step7_run_info.rds	session_info.R.version
openxlsx	4.2.8.1	results/07_authority_report/step7_run_info.rds	session_info.otherPkgs
data.table	1.18.0	results/07_authority_report/step7_run_info.rds	session_info.otherPkgs
optparse	1.7.5	results/07_authority_report/step7_run_info.rds	session_info.otherPkgs
R	4.5.1	results/validation/01_out_of_scope_challenge/challenge_run_info.rds	session_info.R.version
data.table	1.18.0	results/validation/01_out_of_scope_challenge/challenge_run_info.rds	session_info.otherPkgs
optparse	1.7.5	results/validation/01_out_of_scope_challenge/challenge_run_info.rds	session_info.otherPkgs
R	4.5.1	results/validation/01_out_of_scope_challenge/step04_closed_set/step4_run_info.rds	session_info.R.version
openxlsx	4.2.8.1	results/validation/01_out_of_scope_challenge/step04_closed_set/step4_run_info.rds	session_info.otherPkgs
data.table	1.18.0	results/validation/01_out_of_scope_challenge/step04_closed_set/step4_run_info.rds	session_info.otherPkgs
optparse	1.7.5	results/validation/01_out_of_scope_challenge/step04_closed_set/step4_run_info.rds	session_info.otherPkgs
R	4.5.1	results/validation/02_grouped_geographic_cv/grouped_cv_run_info.rds	session_info.R.version
openxlsx	4.2.8.1	results/validation/02_grouped_geographic_cv/grouped_cv_run_info.rds	session_info.otherPkgs
data.table	1.18.0	results/validation/02_grouped_geographic_cv/grouped_cv_run_info.rds	session_info.otherPkgs
optparse	1.7.5	results/validation/02_grouped_geographic_cv/grouped_cv_run_info.rds	session_info.otherPkgs
R	4.5.1	results/validation/03_reference_set_audit/reference_set_audit_run_info.rds	session_info.R.version
openxlsx	4.2.8.1	results/validation/03_reference_set_audit/reference_set_audit_run_info.rds	session_info.otherPkgs
data.table	1.18.0	results/validation/03_reference_set_audit/reference_set_audit_run_info.rds	session_info.otherPkgs
optparse	1.7.5	results/validation/03_reference_set_audit/reference_set_audit_run_info.rds	session_info.otherPkgs
R	4.5.1	results/validation/05_reference_downsampling/reference_downsampling_run_info.rds	session_info.R.version
data.table	1.18.0	results/validation/05_reference_downsampling/reference_downsampling_run_info.rds	session_info.otherPkgs
optparse	1.7.5	results/validation/05_reference_downsampling/reference_downsampling_run_info.rds	session_info.otherPkgs
R	4.5.1	results/validation/06_marker_resampling/marker_resampling_run_info.rds	session_info.R.version
data.table	1.18.0	results/validation/06_marker_resampling/marker_resampling_run_info.rds	session_info.otherPkgs
optparse	1.7.5	results/validation/06_marker_resampling/marker_resampling_run_info.rds	session_info.otherPkgs
