package_path	original_text	replacement_text	source_sha256	package_sha256
results/validation/04_mascarene_coding_sensitivity/return_bundle/MASCARENE_CODING_SENSITIVITY_SUMMARY.txt	RETURN FOR ASSESSMENT	SUMMARY EXPORTS	4e029265fda9436bcc557f2f8a2129ae8e471f498b280c6bfbb5b09cf00a0c19	fd47ead63e4d12b21028ac3d500bd97735d6987e78cd4ee7f3f4aa669df2bd4d
results/validation/04_mascarene_coding_sensitivity/return_bundle/MASCARENE_CODING_SENSITIVITY_SUMMARY.txt	Zip the complete return_bundle directory. Do not zip the much larger scenario directories.	Complete scenario outputs are included in S6. Redundant exports are mapped in duplicate_exports.tsv.	4e029265fda9436bcc557f2f8a2129ae8e471f498b280c6bfbb5b09cf00a0c19	fd47ead63e4d12b21028ac3d500bd97735d6987e78cd4ee7f3f4aa669df2bd4d
results/validation/05_reference_downsampling/REFERENCE_DOWNSAMPLING_SUMMARY.txt	RETURN FOR ASSESSMENT	SUMMARY EXPORTS	459a45b76869d2898984836fd44ae7d3cfccb2ef23806d11099603d457a4df03	b198fe908a5fb88da14c6437548ae2ea418db54dbcd4ff8ffc1bf785042235a1
results/validation/05_reference_downsampling/REFERENCE_DOWNSAMPLING_SUMMARY.txt	Zip the complete return_bundle directory.	Complete outputs are included in S6. Redundant exports are mapped in duplicate_exports.tsv.	459a45b76869d2898984836fd44ae7d3cfccb2ef23806d11099603d457a4df03	b198fe908a5fb88da14c6437548ae2ea418db54dbcd4ff8ffc1bf785042235a1
results/validation/05_reference_downsampling/return_bundle/REFERENCE_DOWNSAMPLING_SUMMARY.txt	RETURN FOR ASSESSMENT	SUMMARY EXPORTS	459a45b76869d2898984836fd44ae7d3cfccb2ef23806d11099603d457a4df03	b198fe908a5fb88da14c6437548ae2ea418db54dbcd4ff8ffc1bf785042235a1
results/validation/05_reference_downsampling/return_bundle/REFERENCE_DOWNSAMPLING_SUMMARY.txt	Zip the complete return_bundle directory.	Complete outputs are included in S6. Redundant exports are mapped in duplicate_exports.tsv.	459a45b76869d2898984836fd44ae7d3cfccb2ef23806d11099603d457a4df03	b198fe908a5fb88da14c6437548ae2ea418db54dbcd4ff8ffc1bf785042235a1
results/validation/06_marker_resampling/MARKER_RESAMPLING_SUMMARY.txt	PESTFLY reviewer validation 06: independent marker set resampling	PESTFLY supplementary analysis 06: alternative marker set resampling	d384582db0d6bd89e6d165df02405ca88e5b1b4849c177e472d85b41f35e9e22	05ccbf037c35b5ba9ed1eb685911d8e88bc0e4c31c372b7de9b02c8487953c78
results/validation/06_marker_resampling/return_bundle/MARKER_RESAMPLING_SUMMARY.txt	PESTFLY reviewer validation 06: independent marker set resampling	PESTFLY supplementary analysis 06: alternative marker set resampling	d384582db0d6bd89e6d165df02405ca88e5b1b4849c177e472d85b41f35e9e22	05ccbf037c35b5ba9ed1eb685911d8e88bc0e4c31c372b7de9b02c8487953c78
results/validation/07_exclusion/return_bundle/REFERENCE_EXCLUSION_SENSITIVITY_SUMMARY.txt	RETURN FOR ASSESSMENT	SUMMARY EXPORTS	62f5297012b479f054ac05adda02958a6aec71506773ff83daf6daa1d7a83c96	f822b7e2cf8280e4b086d76984d3551376dbdcebfff043a0ae3a64f7e9ab4e08
results/validation/07_exclusion/return_bundle/REFERENCE_EXCLUSION_SENSITIVITY_SUMMARY.txt	Zip the complete return_bundle directory. Do not zip the much larger scenario directories.	Complete scenario outputs are included in S6. Redundant exports are mapped in duplicate_exports.tsv.	62f5297012b479f054ac05adda02958a6aec71506773ff83daf6daa1d7a83c96	f822b7e2cf8280e4b086d76984d3551376dbdcebfff043a0ae3a64f7e9ab4e08
