sample_id	resolution	panel_id	candidate_group	evaluated	criterion	observed_field	observed_value	operator	threshold	result	reason
Bd_2023_1	macroregion	P1_macroregion_africa_vs_asia	Asia	TRUE	usable_snps	macroregion_maxk_nsnps	686	>=	200	PASS	criterion_met
Bd_2023_1	macroregion	P1_macroregion_africa_vs_asia	Asia	TRUE	posterior	macroregion_maxk_post	1	>=	0.85	PASS	criterion_met
Bd_2023_1	macroregion	P1_macroregion_africa_vs_asia	Asia	TRUE	posterior_gap	macroregion_maxk_gap	1	>=	0.2	PASS	criterion_met
Bd_2023_1	macroregion	P1_macroregion_africa_vs_asia	Asia	TRUE	global_K_agreement	macroregion_agreement	1	>=	0.9	PASS	criterion_met
Bd_2023_1	macroregion	P1_macroregion_africa_vs_asia	Asia	TRUE	tail_K_agreement	macroregion_tail_agreement	1	>=	1	PASS	criterion_met
Bd_2023_1	macroregion	P1_macroregion_africa_vs_asia	Asia	TRUE	usable_K_count	macroregion_nk_usable_for_stability	3	>=	6	FAIL	below_threshold
Bd_2023_1	subregion			FALSE	usable_snps	subregion_maxk_nsnps		>=	300	NOT_EVALUATED	macroregion_failed
Bd_2023_1	subregion			FALSE	posterior	subregion_maxk_post		>=	0.85	NOT_EVALUATED	macroregion_failed
Bd_2023_1	subregion			FALSE	posterior_gap	subregion_maxk_gap		>=	0.25	NOT_EVALUATED	macroregion_failed
Bd_2023_1	subregion			FALSE	global_K_agreement	subregion_agreement		>=	0.9	NOT_EVALUATED	macroregion_failed
Bd_2023_1	subregion			FALSE	tail_K_agreement	subregion_tail_agreement		>=	1	NOT_EVALUATED	macroregion_failed
Bd_2023_1	subregion			FALSE	usable_K_count	subregion_nk_usable_for_stability		>=	6	NOT_EVALUATED	macroregion_failed
Bd_2023_2	macroregion	P1_macroregion_africa_vs_asia	Africa	TRUE	usable_snps	macroregion_maxk_nsnps	3292	>=	200	PASS	criterion_met
Bd_2023_2	macroregion	P1_macroregion_africa_vs_asia	Africa	TRUE	posterior	macroregion_maxk_post	1	>=	0.85	PASS	criterion_met
Bd_2023_2	macroregion	P1_macroregion_africa_vs_asia	Africa	TRUE	posterior_gap	macroregion_maxk_gap	1	>=	0.2	PASS	criterion_met
Bd_2023_2	macroregion	P1_macroregion_africa_vs_asia	Africa	TRUE	global_K_agreement	macroregion_agreement	1	>=	0.9	PASS	criterion_met
Bd_2023_2	macroregion	P1_macroregion_africa_vs_asia	Africa	TRUE	tail_K_agreement	macroregion_tail_agreement	1	>=	1	PASS	criterion_met
Bd_2023_2	macroregion	P1_macroregion_africa_vs_asia	Africa	TRUE	usable_K_count	macroregion_nk_usable_for_stability	5	>=	6	FAIL	below_threshold
Bd_2023_2	subregion			FALSE	usable_snps	subregion_maxk_nsnps		>=	300	NOT_EVALUATED	macroregion_failed
Bd_2023_2	subregion			FALSE	posterior	subregion_maxk_post		>=	0.85	NOT_EVALUATED	macroregion_failed
Bd_2023_2	subregion			FALSE	posterior_gap	subregion_maxk_gap		>=	0.25	NOT_EVALUATED	macroregion_failed
Bd_2023_2	subregion			FALSE	global_K_agreement	subregion_agreement		>=	0.9	NOT_EVALUATED	macroregion_failed
Bd_2023_2	subregion			FALSE	tail_K_agreement	subregion_tail_agreement		>=	1	NOT_EVALUATED	macroregion_failed
Bd_2023_2	subregion			FALSE	usable_K_count	subregion_nk_usable_for_stability		>=	6	NOT_EVALUATED	macroregion_failed
Bd_2023_3	macroregion	P1_macroregion_africa_vs_asia	Asia	TRUE	usable_snps	macroregion_maxk_nsnps	2879	>=	200	PASS	criterion_met
Bd_2023_3	macroregion	P1_macroregion_africa_vs_asia	Asia	TRUE	posterior	macroregion_maxk_post	1	>=	0.85	PASS	criterion_met
Bd_2023_3	macroregion	P1_macroregion_africa_vs_asia	Asia	TRUE	posterior_gap	macroregion_maxk_gap	1	>=	0.2	PASS	criterion_met
Bd_2023_3	macroregion	P1_macroregion_africa_vs_asia	Asia	TRUE	global_K_agreement	macroregion_agreement	1	>=	0.9	PASS	criterion_met
Bd_2023_3	macroregion	P1_macroregion_africa_vs_asia	Asia	TRUE	tail_K_agreement	macroregion_tail_agreement	1	>=	1	PASS	criterion_met
Bd_2023_3	macroregion	P1_macroregion_africa_vs_asia	Asia	TRUE	usable_K_count	macroregion_nk_usable_for_stability	5	>=	6	FAIL	below_threshold
Bd_2023_3	subregion			FALSE	usable_snps	subregion_maxk_nsnps		>=	300	NOT_EVALUATED	macroregion_failed
Bd_2023_3	subregion			FALSE	posterior	subregion_maxk_post		>=	0.85	NOT_EVALUATED	macroregion_failed
Bd_2023_3	subregion			FALSE	posterior_gap	subregion_maxk_gap		>=	0.25	NOT_EVALUATED	macroregion_failed
Bd_2023_3	subregion			FALSE	global_K_agreement	subregion_agreement		>=	0.9	NOT_EVALUATED	macroregion_failed
Bd_2023_3	subregion			FALSE	tail_K_agreement	subregion_tail_agreement		>=	1	NOT_EVALUATED	macroregion_failed
Bd_2023_3	subregion			FALSE	usable_K_count	subregion_nk_usable_for_stability		>=	6	NOT_EVALUATED	macroregion_failed
Bd_2023_4	macroregion	P1_macroregion_africa_vs_asia	Asia	TRUE	usable_snps	macroregion_maxk_nsnps	11079	>=	200	PASS	criterion_met
Bd_2023_4	macroregion	P1_macroregion_africa_vs_asia	Asia	TRUE	posterior	macroregion_maxk_post	1	>=	0.85	PASS	criterion_met
Bd_2023_4	macroregion	P1_macroregion_africa_vs_asia	Asia	TRUE	posterior_gap	macroregion_maxk_gap	1	>=	0.2	PASS	criterion_met
Bd_2023_4	macroregion	P1_macroregion_africa_vs_asia	Asia	TRUE	global_K_agreement	macroregion_agreement	1	>=	0.9	PASS	criterion_met
Bd_2023_4	macroregion	P1_macroregion_africa_vs_asia	Asia	TRUE	tail_K_agreement	macroregion_tail_agreement	1	>=	1	PASS	criterion_met
Bd_2023_4	macroregion	P1_macroregion_africa_vs_asia	Asia	TRUE	usable_K_count	macroregion_nk_usable_for_stability	7	>=	6	PASS	criterion_met
Bd_2023_4	subregion	P3_Asia	S_Asia	TRUE	usable_snps	subregion_maxk_nsnps	11070	>=	300	PASS	criterion_met
Bd_2023_4	subregion	P3_Asia	S_Asia	TRUE	posterior	subregion_maxk_post	1	>=	0.85	PASS	criterion_met
Bd_2023_4	subregion	P3_Asia	S_Asia	TRUE	posterior_gap	subregion_maxk_gap	1	>=	0.25	PASS	criterion_met
Bd_2023_4	subregion	P3_Asia	S_Asia	TRUE	global_K_agreement	subregion_agreement	1	>=	0.9	PASS	criterion_met
Bd_2023_4	subregion	P3_Asia	S_Asia	TRUE	tail_K_agreement	subregion_tail_agreement	1	>=	1	PASS	criterion_met
Bd_2023_4	subregion	P3_Asia	S_Asia	TRUE	usable_K_count	subregion_nk_usable_for_stability	6	>=	6	PASS	criterion_met
Bd_2023_5	macroregion	P1_macroregion_africa_vs_asia	Asia	TRUE	usable_snps	macroregion_maxk_nsnps	11080	>=	200	PASS	criterion_met
Bd_2023_5	macroregion	P1_macroregion_africa_vs_asia	Asia	TRUE	posterior	macroregion_maxk_post	1	>=	0.85	PASS	criterion_met
Bd_2023_5	macroregion	P1_macroregion_africa_vs_asia	Asia	TRUE	posterior_gap	macroregion_maxk_gap	1	>=	0.2	PASS	criterion_met
Bd_2023_5	macroregion	P1_macroregion_africa_vs_asia	Asia	TRUE	global_K_agreement	macroregion_agreement	1	>=	0.9	PASS	criterion_met
Bd_2023_5	macroregion	P1_macroregion_africa_vs_asia	Asia	TRUE	tail_K_agreement	macroregion_tail_agreement	1	>=	1	PASS	criterion_met
Bd_2023_5	macroregion	P1_macroregion_africa_vs_asia	Asia	TRUE	usable_K_count	macroregion_nk_usable_for_stability	7	>=	6	PASS	criterion_met
Bd_2023_5	subregion	P3_Asia	E_Asia	TRUE	usable_snps	subregion_maxk_nsnps	11070	>=	300	PASS	criterion_met
Bd_2023_5	subregion	P3_Asia	E_Asia	TRUE	posterior	subregion_maxk_post	1	>=	0.85	PASS	criterion_met
Bd_2023_5	subregion	P3_Asia	E_Asia	TRUE	posterior_gap	subregion_maxk_gap	1	>=	0.25	PASS	criterion_met
Bd_2023_5	subregion	P3_Asia	E_Asia	TRUE	global_K_agreement	subregion_agreement	0.833333333333333	>=	0.9	FAIL	below_threshold
Bd_2023_5	subregion	P3_Asia	E_Asia	TRUE	tail_K_agreement	subregion_tail_agreement	1	>=	1	PASS	criterion_met
Bd_2023_5	subregion	P3_Asia	E_Asia	TRUE	usable_K_count	subregion_nk_usable_for_stability	6	>=	6	PASS	criterion_met
Bd_2023_6	macroregion	P1_macroregion_africa_vs_asia	Asia	TRUE	usable_snps	macroregion_maxk_nsnps	11073	>=	200	PASS	criterion_met
Bd_2023_6	macroregion	P1_macroregion_africa_vs_asia	Asia	TRUE	posterior	macroregion_maxk_post	1	>=	0.85	PASS	criterion_met
Bd_2023_6	macroregion	P1_macroregion_africa_vs_asia	Asia	TRUE	posterior_gap	macroregion_maxk_gap	1	>=	0.2	PASS	criterion_met
Bd_2023_6	macroregion	P1_macroregion_africa_vs_asia	Asia	TRUE	global_K_agreement	macroregion_agreement	1	>=	0.9	PASS	criterion_met
Bd_2023_6	macroregion	P1_macroregion_africa_vs_asia	Asia	TRUE	tail_K_agreement	macroregion_tail_agreement	1	>=	1	PASS	criterion_met
Bd_2023_6	macroregion	P1_macroregion_africa_vs_asia	Asia	TRUE	usable_K_count	macroregion_nk_usable_for_stability	7	>=	6	PASS	criterion_met
Bd_2023_6	subregion	P3_Asia	S_Asia	TRUE	usable_snps	subregion_maxk_nsnps	11075	>=	300	PASS	criterion_met
Bd_2023_6	subregion	P3_Asia	S_Asia	TRUE	posterior	subregion_maxk_post	1	>=	0.85	PASS	criterion_met
Bd_2023_6	subregion	P3_Asia	S_Asia	TRUE	posterior_gap	subregion_maxk_gap	1	>=	0.25	PASS	criterion_met
Bd_2023_6	subregion	P3_Asia	S_Asia	TRUE	global_K_agreement	subregion_agreement	1	>=	0.9	PASS	criterion_met
Bd_2023_6	subregion	P3_Asia	S_Asia	TRUE	tail_K_agreement	subregion_tail_agreement	1	>=	1	PASS	criterion_met
Bd_2023_6	subregion	P3_Asia	S_Asia	TRUE	usable_K_count	subregion_nk_usable_for_stability	6	>=	6	PASS	criterion_met
Bd_2023_7	macroregion	P1_macroregion_africa_vs_asia	Africa	TRUE	usable_snps	macroregion_maxk_nsnps	11081	>=	200	PASS	criterion_met
Bd_2023_7	macroregion	P1_macroregion_africa_vs_asia	Africa	TRUE	posterior	macroregion_maxk_post	1	>=	0.85	PASS	criterion_met
Bd_2023_7	macroregion	P1_macroregion_africa_vs_asia	Africa	TRUE	posterior_gap	macroregion_maxk_gap	1	>=	0.2	PASS	criterion_met
Bd_2023_7	macroregion	P1_macroregion_africa_vs_asia	Africa	TRUE	global_K_agreement	macroregion_agreement	1	>=	0.9	PASS	criterion_met
Bd_2023_7	macroregion	P1_macroregion_africa_vs_asia	Africa	TRUE	tail_K_agreement	macroregion_tail_agreement	1	>=	1	PASS	criterion_met
Bd_2023_7	macroregion	P1_macroregion_africa_vs_asia	Africa	TRUE	usable_K_count	macroregion_nk_usable_for_stability	6	>=	6	PASS	criterion_met
Bd_2023_7	subregion	P2_Africa	E_Africa	TRUE	usable_snps	subregion_maxk_nsnps	10993	>=	300	PASS	criterion_met
Bd_2023_7	subregion	P2_Africa	E_Africa	TRUE	posterior	subregion_maxk_post	1	>=	0.85	PASS	criterion_met
Bd_2023_7	subregion	P2_Africa	E_Africa	TRUE	posterior_gap	subregion_maxk_gap	1	>=	0.25	PASS	criterion_met
Bd_2023_7	subregion	P2_Africa	E_Africa	TRUE	global_K_agreement	subregion_agreement	0.5	>=	0.9	FAIL	below_threshold
Bd_2023_7	subregion	P2_Africa	E_Africa	TRUE	tail_K_agreement	subregion_tail_agreement	1	>=	1	PASS	criterion_met
Bd_2023_7	subregion	P2_Africa	E_Africa	TRUE	usable_K_count	subregion_nk_usable_for_stability	6	>=	6	PASS	criterion_met
Bd_2024_1	macroregion	P1_macroregion_africa_vs_asia	Asia	TRUE	usable_snps	macroregion_maxk_nsnps	11069	>=	200	PASS	criterion_met
Bd_2024_1	macroregion	P1_macroregion_africa_vs_asia	Asia	TRUE	posterior	macroregion_maxk_post	1	>=	0.85	PASS	criterion_met
Bd_2024_1	macroregion	P1_macroregion_africa_vs_asia	Asia	TRUE	posterior_gap	macroregion_maxk_gap	1	>=	0.2	PASS	criterion_met
Bd_2024_1	macroregion	P1_macroregion_africa_vs_asia	Asia	TRUE	global_K_agreement	macroregion_agreement	1	>=	0.9	PASS	criterion_met
Bd_2024_1	macroregion	P1_macroregion_africa_vs_asia	Asia	TRUE	tail_K_agreement	macroregion_tail_agreement	1	>=	1	PASS	criterion_met
Bd_2024_1	macroregion	P1_macroregion_africa_vs_asia	Asia	TRUE	usable_K_count	macroregion_nk_usable_for_stability	7	>=	6	PASS	criterion_met
Bd_2024_1	subregion	P3_Asia	S_Asia	TRUE	usable_snps	subregion_maxk_nsnps	11059	>=	300	PASS	criterion_met
Bd_2024_1	subregion	P3_Asia	S_Asia	TRUE	posterior	subregion_maxk_post	1	>=	0.85	PASS	criterion_met
Bd_2024_1	subregion	P3_Asia	S_Asia	TRUE	posterior_gap	subregion_maxk_gap	1	>=	0.25	PASS	criterion_met
Bd_2024_1	subregion	P3_Asia	S_Asia	TRUE	global_K_agreement	subregion_agreement	1	>=	0.9	PASS	criterion_met
Bd_2024_1	subregion	P3_Asia	S_Asia	TRUE	tail_K_agreement	subregion_tail_agreement	1	>=	1	PASS	criterion_met
Bd_2024_1	subregion	P3_Asia	S_Asia	TRUE	usable_K_count	subregion_nk_usable_for_stability	6	>=	6	PASS	criterion_met
Bd_2024_2	macroregion	P1_macroregion_africa_vs_asia	Africa	TRUE	usable_snps	macroregion_maxk_nsnps	11063	>=	200	PASS	criterion_met
Bd_2024_2	macroregion	P1_macroregion_africa_vs_asia	Africa	TRUE	posterior	macroregion_maxk_post	1	>=	0.85	PASS	criterion_met
Bd_2024_2	macroregion	P1_macroregion_africa_vs_asia	Africa	TRUE	posterior_gap	macroregion_maxk_gap	1	>=	0.2	PASS	criterion_met
Bd_2024_2	macroregion	P1_macroregion_africa_vs_asia	Africa	TRUE	global_K_agreement	macroregion_agreement	1	>=	0.9	PASS	criterion_met
Bd_2024_2	macroregion	P1_macroregion_africa_vs_asia	Africa	TRUE	tail_K_agreement	macroregion_tail_agreement	1	>=	1	PASS	criterion_met
Bd_2024_2	macroregion	P1_macroregion_africa_vs_asia	Africa	TRUE	usable_K_count	macroregion_nk_usable_for_stability	6	>=	6	PASS	criterion_met
Bd_2024_2	subregion	P2_Africa	E_Africa	TRUE	usable_snps	subregion_maxk_nsnps	10984	>=	300	PASS	criterion_met
Bd_2024_2	subregion	P2_Africa	E_Africa	TRUE	posterior	subregion_maxk_post	0.999996129644487	>=	0.85	PASS	criterion_met
Bd_2024_2	subregion	P2_Africa	E_Africa	TRUE	posterior_gap	subregion_maxk_gap	0.999992259288973	>=	0.25	PASS	criterion_met
Bd_2024_2	subregion	P2_Africa	E_Africa	TRUE	global_K_agreement	subregion_agreement	0.5	>=	0.9	FAIL	below_threshold
Bd_2024_2	subregion	P2_Africa	E_Africa	TRUE	tail_K_agreement	subregion_tail_agreement	0.666666666666667	>=	1	FAIL	below_threshold
Bd_2024_2	subregion	P2_Africa	E_Africa	TRUE	usable_K_count	subregion_nk_usable_for_stability	6	>=	6	PASS	criterion_met
Bd_2024_3	macroregion	P1_macroregion_africa_vs_asia	Asia	TRUE	usable_snps	macroregion_maxk_nsnps	11075	>=	200	PASS	criterion_met
Bd_2024_3	macroregion	P1_macroregion_africa_vs_asia	Asia	TRUE	posterior	macroregion_maxk_post	1	>=	0.85	PASS	criterion_met
Bd_2024_3	macroregion	P1_macroregion_africa_vs_asia	Asia	TRUE	posterior_gap	macroregion_maxk_gap	1	>=	0.2	PASS	criterion_met
Bd_2024_3	macroregion	P1_macroregion_africa_vs_asia	Asia	TRUE	global_K_agreement	macroregion_agreement	1	>=	0.9	PASS	criterion_met
Bd_2024_3	macroregion	P1_macroregion_africa_vs_asia	Asia	TRUE	tail_K_agreement	macroregion_tail_agreement	1	>=	1	PASS	criterion_met
Bd_2024_3	macroregion	P1_macroregion_africa_vs_asia	Asia	TRUE	usable_K_count	macroregion_nk_usable_for_stability	7	>=	6	PASS	criterion_met
Bd_2024_3	subregion	P3_Asia	S_Asia	TRUE	usable_snps	subregion_maxk_nsnps	11074	>=	300	PASS	criterion_met
Bd_2024_3	subregion	P3_Asia	S_Asia	TRUE	posterior	subregion_maxk_post	1	>=	0.85	PASS	criterion_met
Bd_2024_3	subregion	P3_Asia	S_Asia	TRUE	posterior_gap	subregion_maxk_gap	1	>=	0.25	PASS	criterion_met
Bd_2024_3	subregion	P3_Asia	S_Asia	TRUE	global_K_agreement	subregion_agreement	1	>=	0.9	PASS	criterion_met
Bd_2024_3	subregion	P3_Asia	S_Asia	TRUE	tail_K_agreement	subregion_tail_agreement	1	>=	1	PASS	criterion_met
Bd_2024_3	subregion	P3_Asia	S_Asia	TRUE	usable_K_count	subregion_nk_usable_for_stability	6	>=	6	PASS	criterion_met
Bd_2024_4	macroregion	P1_macroregion_africa_vs_asia	Asia	TRUE	usable_snps	macroregion_maxk_nsnps	11079	>=	200	PASS	criterion_met
Bd_2024_4	macroregion	P1_macroregion_africa_vs_asia	Asia	TRUE	posterior	macroregion_maxk_post	1	>=	0.85	PASS	criterion_met
Bd_2024_4	macroregion	P1_macroregion_africa_vs_asia	Asia	TRUE	posterior_gap	macroregion_maxk_gap	1	>=	0.2	PASS	criterion_met
Bd_2024_4	macroregion	P1_macroregion_africa_vs_asia	Asia	TRUE	global_K_agreement	macroregion_agreement	1	>=	0.9	PASS	criterion_met
Bd_2024_4	macroregion	P1_macroregion_africa_vs_asia	Asia	TRUE	tail_K_agreement	macroregion_tail_agreement	1	>=	1	PASS	criterion_met
Bd_2024_4	macroregion	P1_macroregion_africa_vs_asia	Asia	TRUE	usable_K_count	macroregion_nk_usable_for_stability	7	>=	6	PASS	criterion_met
Bd_2024_4	subregion	P3_Asia	S_Asia	TRUE	usable_snps	subregion_maxk_nsnps	11077	>=	300	PASS	criterion_met
Bd_2024_4	subregion	P3_Asia	S_Asia	TRUE	posterior	subregion_maxk_post	1	>=	0.85	PASS	criterion_met
Bd_2024_4	subregion	P3_Asia	S_Asia	TRUE	posterior_gap	subregion_maxk_gap	1	>=	0.25	PASS	criterion_met
Bd_2024_4	subregion	P3_Asia	S_Asia	TRUE	global_K_agreement	subregion_agreement	1	>=	0.9	PASS	criterion_met
Bd_2024_4	subregion	P3_Asia	S_Asia	TRUE	tail_K_agreement	subregion_tail_agreement	1	>=	1	PASS	criterion_met
Bd_2024_4	subregion	P3_Asia	S_Asia	TRUE	usable_K_count	subregion_nk_usable_for_stability	6	>=	6	PASS	criterion_met
FAVV_1	macroregion	P1_macroregion_africa_vs_asia	Africa	TRUE	usable_snps	macroregion_maxk_nsnps	11073	>=	200	PASS	criterion_met
FAVV_1	macroregion	P1_macroregion_africa_vs_asia	Africa	TRUE	posterior	macroregion_maxk_post	1	>=	0.85	PASS	criterion_met
FAVV_1	macroregion	P1_macroregion_africa_vs_asia	Africa	TRUE	posterior_gap	macroregion_maxk_gap	1	>=	0.2	PASS	criterion_met
FAVV_1	macroregion	P1_macroregion_africa_vs_asia	Africa	TRUE	global_K_agreement	macroregion_agreement	1	>=	0.9	PASS	criterion_met
FAVV_1	macroregion	P1_macroregion_africa_vs_asia	Africa	TRUE	tail_K_agreement	macroregion_tail_agreement	1	>=	1	PASS	criterion_met
FAVV_1	macroregion	P1_macroregion_africa_vs_asia	Africa	TRUE	usable_K_count	macroregion_nk_usable_for_stability	6	>=	6	PASS	criterion_met
FAVV_1	subregion	P2_Africa	W_Africa	TRUE	usable_snps	subregion_maxk_nsnps	10992	>=	300	PASS	criterion_met
FAVV_1	subregion	P2_Africa	W_Africa	TRUE	posterior	subregion_maxk_post	0.931552139662621	>=	0.85	PASS	criterion_met
FAVV_1	subregion	P2_Africa	W_Africa	TRUE	posterior_gap	subregion_maxk_gap	0.863104279325242	>=	0.25	PASS	criterion_met
FAVV_1	subregion	P2_Africa	W_Africa	TRUE	global_K_agreement	subregion_agreement	0.333333333333333	>=	0.9	FAIL	below_threshold
FAVV_1	subregion	P2_Africa	W_Africa	TRUE	tail_K_agreement	subregion_tail_agreement	0.666666666666667	>=	1	FAIL	below_threshold
FAVV_1	subregion	P2_Africa	W_Africa	TRUE	usable_K_count	subregion_nk_usable_for_stability	6	>=	6	PASS	criterion_met
FAVV_11	macroregion	P1_macroregion_africa_vs_asia	Africa	TRUE	usable_snps	macroregion_maxk_nsnps	11076	>=	200	PASS	criterion_met
FAVV_11	macroregion	P1_macroregion_africa_vs_asia	Africa	TRUE	posterior	macroregion_maxk_post	1	>=	0.85	PASS	criterion_met
FAVV_11	macroregion	P1_macroregion_africa_vs_asia	Africa	TRUE	posterior_gap	macroregion_maxk_gap	1	>=	0.2	PASS	criterion_met
FAVV_11	macroregion	P1_macroregion_africa_vs_asia	Africa	TRUE	global_K_agreement	macroregion_agreement	1	>=	0.9	PASS	criterion_met
FAVV_11	macroregion	P1_macroregion_africa_vs_asia	Africa	TRUE	tail_K_agreement	macroregion_tail_agreement	1	>=	1	PASS	criterion_met
FAVV_11	macroregion	P1_macroregion_africa_vs_asia	Africa	TRUE	usable_K_count	macroregion_nk_usable_for_stability	6	>=	6	PASS	criterion_met
FAVV_11	subregion	P2_Africa	W_Africa	TRUE	usable_snps	subregion_maxk_nsnps	10998	>=	300	PASS	criterion_met
FAVV_11	subregion	P2_Africa	W_Africa	TRUE	posterior	subregion_maxk_post	1	>=	0.85	PASS	criterion_met
FAVV_11	subregion	P2_Africa	W_Africa	TRUE	posterior_gap	subregion_maxk_gap	1	>=	0.25	PASS	criterion_met
FAVV_11	subregion	P2_Africa	W_Africa	TRUE	global_K_agreement	subregion_agreement	0.333333333333333	>=	0.9	FAIL	below_threshold
FAVV_11	subregion	P2_Africa	W_Africa	TRUE	tail_K_agreement	subregion_tail_agreement	0.666666666666667	>=	1	FAIL	below_threshold
FAVV_11	subregion	P2_Africa	W_Africa	TRUE	usable_K_count	subregion_nk_usable_for_stability	6	>=	6	PASS	criterion_met
FAVV_12	macroregion	P1_macroregion_africa_vs_asia	Africa	TRUE	usable_snps	macroregion_maxk_nsnps	11070	>=	200	PASS	criterion_met
FAVV_12	macroregion	P1_macroregion_africa_vs_asia	Africa	TRUE	posterior	macroregion_maxk_post	1	>=	0.85	PASS	criterion_met
FAVV_12	macroregion	P1_macroregion_africa_vs_asia	Africa	TRUE	posterior_gap	macroregion_maxk_gap	1	>=	0.2	PASS	criterion_met
FAVV_12	macroregion	P1_macroregion_africa_vs_asia	Africa	TRUE	global_K_agreement	macroregion_agreement	1	>=	0.9	PASS	criterion_met
FAVV_12	macroregion	P1_macroregion_africa_vs_asia	Africa	TRUE	tail_K_agreement	macroregion_tail_agreement	1	>=	1	PASS	criterion_met
FAVV_12	macroregion	P1_macroregion_africa_vs_asia	Africa	TRUE	usable_K_count	macroregion_nk_usable_for_stability	6	>=	6	PASS	criterion_met
FAVV_12	subregion	P2_Africa	W_Africa	TRUE	usable_snps	subregion_maxk_nsnps	10981	>=	300	PASS	criterion_met
FAVV_12	subregion	P2_Africa	W_Africa	TRUE	posterior	subregion_maxk_post	1	>=	0.85	PASS	criterion_met
FAVV_12	subregion	P2_Africa	W_Africa	TRUE	posterior_gap	subregion_maxk_gap	1	>=	0.25	PASS	criterion_met
FAVV_12	subregion	P2_Africa	W_Africa	TRUE	global_K_agreement	subregion_agreement	0.833333333333333	>=	0.9	FAIL	below_threshold
FAVV_12	subregion	P2_Africa	W_Africa	TRUE	tail_K_agreement	subregion_tail_agreement	1	>=	1	PASS	criterion_met
FAVV_12	subregion	P2_Africa	W_Africa	TRUE	usable_K_count	subregion_nk_usable_for_stability	6	>=	6	PASS	criterion_met
FAVV_13	macroregion	P1_macroregion_africa_vs_asia	Africa	TRUE	usable_snps	macroregion_maxk_nsnps	11062	>=	200	PASS	criterion_met
FAVV_13	macroregion	P1_macroregion_africa_vs_asia	Africa	TRUE	posterior	macroregion_maxk_post	1	>=	0.85	PASS	criterion_met
FAVV_13	macroregion	P1_macroregion_africa_vs_asia	Africa	TRUE	posterior_gap	macroregion_maxk_gap	1	>=	0.2	PASS	criterion_met
FAVV_13	macroregion	P1_macroregion_africa_vs_asia	Africa	TRUE	global_K_agreement	macroregion_agreement	1	>=	0.9	PASS	criterion_met
FAVV_13	macroregion	P1_macroregion_africa_vs_asia	Africa	TRUE	tail_K_agreement	macroregion_tail_agreement	1	>=	1	PASS	criterion_met
FAVV_13	macroregion	P1_macroregion_africa_vs_asia	Africa	TRUE	usable_K_count	macroregion_nk_usable_for_stability	6	>=	6	PASS	criterion_met
FAVV_13	subregion	P2_Africa	W_Africa	TRUE	usable_snps	subregion_maxk_nsnps	10975	>=	300	PASS	criterion_met
FAVV_13	subregion	P2_Africa	W_Africa	TRUE	posterior	subregion_maxk_post	1	>=	0.85	PASS	criterion_met
FAVV_13	subregion	P2_Africa	W_Africa	TRUE	posterior_gap	subregion_maxk_gap	1	>=	0.25	PASS	criterion_met
FAVV_13	subregion	P2_Africa	W_Africa	TRUE	global_K_agreement	subregion_agreement	1	>=	0.9	PASS	criterion_met
FAVV_13	subregion	P2_Africa	W_Africa	TRUE	tail_K_agreement	subregion_tail_agreement	1	>=	1	PASS	criterion_met
FAVV_13	subregion	P2_Africa	W_Africa	TRUE	usable_K_count	subregion_nk_usable_for_stability	6	>=	6	PASS	criterion_met
FAVV_14	macroregion	P1_macroregion_africa_vs_asia	Asia	TRUE	usable_snps	macroregion_maxk_nsnps	11066	>=	200	PASS	criterion_met
FAVV_14	macroregion	P1_macroregion_africa_vs_asia	Asia	TRUE	posterior	macroregion_maxk_post	1	>=	0.85	PASS	criterion_met
FAVV_14	macroregion	P1_macroregion_africa_vs_asia	Asia	TRUE	posterior_gap	macroregion_maxk_gap	1	>=	0.2	PASS	criterion_met
FAVV_14	macroregion	P1_macroregion_africa_vs_asia	Asia	TRUE	global_K_agreement	macroregion_agreement	1	>=	0.9	PASS	criterion_met
FAVV_14	macroregion	P1_macroregion_africa_vs_asia	Asia	TRUE	tail_K_agreement	macroregion_tail_agreement	1	>=	1	PASS	criterion_met
FAVV_14	macroregion	P1_macroregion_africa_vs_asia	Asia	TRUE	usable_K_count	macroregion_nk_usable_for_stability	6	>=	6	PASS	criterion_met
FAVV_14	subregion	P3_Asia	S_Asia	TRUE	usable_snps	subregion_maxk_nsnps	11072	>=	300	PASS	criterion_met
FAVV_14	subregion	P3_Asia	S_Asia	TRUE	posterior	subregion_maxk_post	1	>=	0.85	PASS	criterion_met
FAVV_14	subregion	P3_Asia	S_Asia	TRUE	posterior_gap	subregion_maxk_gap	1	>=	0.25	PASS	criterion_met
FAVV_14	subregion	P3_Asia	S_Asia	TRUE	global_K_agreement	subregion_agreement	1	>=	0.9	PASS	criterion_met
FAVV_14	subregion	P3_Asia	S_Asia	TRUE	tail_K_agreement	subregion_tail_agreement	1	>=	1	PASS	criterion_met
FAVV_14	subregion	P3_Asia	S_Asia	TRUE	usable_K_count	subregion_nk_usable_for_stability	6	>=	6	PASS	criterion_met
FAVV_2	macroregion	P1_macroregion_africa_vs_asia	Africa	TRUE	usable_snps	macroregion_maxk_nsnps	11069	>=	200	PASS	criterion_met
FAVV_2	macroregion	P1_macroregion_africa_vs_asia	Africa	TRUE	posterior	macroregion_maxk_post	1	>=	0.85	PASS	criterion_met
FAVV_2	macroregion	P1_macroregion_africa_vs_asia	Africa	TRUE	posterior_gap	macroregion_maxk_gap	1	>=	0.2	PASS	criterion_met
FAVV_2	macroregion	P1_macroregion_africa_vs_asia	Africa	TRUE	global_K_agreement	macroregion_agreement	1	>=	0.9	PASS	criterion_met
FAVV_2	macroregion	P1_macroregion_africa_vs_asia	Africa	TRUE	tail_K_agreement	macroregion_tail_agreement	1	>=	1	PASS	criterion_met
FAVV_2	macroregion	P1_macroregion_africa_vs_asia	Africa	TRUE	usable_K_count	macroregion_nk_usable_for_stability	6	>=	6	PASS	criterion_met
FAVV_2	subregion	P2_Africa	W_Africa	TRUE	usable_snps	subregion_maxk_nsnps	10992	>=	300	PASS	criterion_met
FAVV_2	subregion	P2_Africa	W_Africa	TRUE	posterior	subregion_maxk_post	0.999999872479476	>=	0.85	PASS	criterion_met
FAVV_2	subregion	P2_Africa	W_Africa	TRUE	posterior_gap	subregion_maxk_gap	0.999999744958951	>=	0.25	PASS	criterion_met
FAVV_2	subregion	P2_Africa	W_Africa	TRUE	global_K_agreement	subregion_agreement	0.666666666666667	>=	0.9	FAIL	below_threshold
FAVV_2	subregion	P2_Africa	W_Africa	TRUE	tail_K_agreement	subregion_tail_agreement	1	>=	1	PASS	criterion_met
FAVV_2	subregion	P2_Africa	W_Africa	TRUE	usable_K_count	subregion_nk_usable_for_stability	6	>=	6	PASS	criterion_met
FAVV_3	macroregion	P1_macroregion_africa_vs_asia	Africa	TRUE	usable_snps	macroregion_maxk_nsnps	11078	>=	200	PASS	criterion_met
FAVV_3	macroregion	P1_macroregion_africa_vs_asia	Africa	TRUE	posterior	macroregion_maxk_post	1	>=	0.85	PASS	criterion_met
FAVV_3	macroregion	P1_macroregion_africa_vs_asia	Africa	TRUE	posterior_gap	macroregion_maxk_gap	1	>=	0.2	PASS	criterion_met
FAVV_3	macroregion	P1_macroregion_africa_vs_asia	Africa	TRUE	global_K_agreement	macroregion_agreement	1	>=	0.9	PASS	criterion_met
FAVV_3	macroregion	P1_macroregion_africa_vs_asia	Africa	TRUE	tail_K_agreement	macroregion_tail_agreement	1	>=	1	PASS	criterion_met
FAVV_3	macroregion	P1_macroregion_africa_vs_asia	Africa	TRUE	usable_K_count	macroregion_nk_usable_for_stability	7	>=	6	PASS	criterion_met
FAVV_3	subregion	P2_Africa	W_Africa	TRUE	usable_snps	subregion_maxk_nsnps	10993	>=	300	PASS	criterion_met
FAVV_3	subregion	P2_Africa	W_Africa	TRUE	posterior	subregion_maxk_post	1	>=	0.85	PASS	criterion_met
FAVV_3	subregion	P2_Africa	W_Africa	TRUE	posterior_gap	subregion_maxk_gap	1	>=	0.25	PASS	criterion_met
FAVV_3	subregion	P2_Africa	W_Africa	TRUE	global_K_agreement	subregion_agreement	1	>=	0.9	PASS	criterion_met
FAVV_3	subregion	P2_Africa	W_Africa	TRUE	tail_K_agreement	subregion_tail_agreement	1	>=	1	PASS	criterion_met
FAVV_3	subregion	P2_Africa	W_Africa	TRUE	usable_K_count	subregion_nk_usable_for_stability	6	>=	6	PASS	criterion_met
FAVV_4	macroregion	P1_macroregion_africa_vs_asia	Africa	TRUE	usable_snps	macroregion_maxk_nsnps	11071	>=	200	PASS	criterion_met
FAVV_4	macroregion	P1_macroregion_africa_vs_asia	Africa	TRUE	posterior	macroregion_maxk_post	1	>=	0.85	PASS	criterion_met
FAVV_4	macroregion	P1_macroregion_africa_vs_asia	Africa	TRUE	posterior_gap	macroregion_maxk_gap	1	>=	0.2	PASS	criterion_met
FAVV_4	macroregion	P1_macroregion_africa_vs_asia	Africa	TRUE	global_K_agreement	macroregion_agreement	1	>=	0.9	PASS	criterion_met
FAVV_4	macroregion	P1_macroregion_africa_vs_asia	Africa	TRUE	tail_K_agreement	macroregion_tail_agreement	1	>=	1	PASS	criterion_met
FAVV_4	macroregion	P1_macroregion_africa_vs_asia	Africa	TRUE	usable_K_count	macroregion_nk_usable_for_stability	7	>=	6	PASS	criterion_met
FAVV_4	subregion	P2_Africa	W_Africa	TRUE	usable_snps	subregion_maxk_nsnps	10991	>=	300	PASS	criterion_met
FAVV_4	subregion	P2_Africa	W_Africa	TRUE	posterior	subregion_maxk_post	1	>=	0.85	PASS	criterion_met
FAVV_4	subregion	P2_Africa	W_Africa	TRUE	posterior_gap	subregion_maxk_gap	1	>=	0.25	PASS	criterion_met
FAVV_4	subregion	P2_Africa	W_Africa	TRUE	global_K_agreement	subregion_agreement	1	>=	0.9	PASS	criterion_met
FAVV_4	subregion	P2_Africa	W_Africa	TRUE	tail_K_agreement	subregion_tail_agreement	1	>=	1	PASS	criterion_met
FAVV_4	subregion	P2_Africa	W_Africa	TRUE	usable_K_count	subregion_nk_usable_for_stability	6	>=	6	PASS	criterion_met
FAVV_5	macroregion	P1_macroregion_africa_vs_asia	Africa	TRUE	usable_snps	macroregion_maxk_nsnps	11071	>=	200	PASS	criterion_met
FAVV_5	macroregion	P1_macroregion_africa_vs_asia	Africa	TRUE	posterior	macroregion_maxk_post	1	>=	0.85	PASS	criterion_met
FAVV_5	macroregion	P1_macroregion_africa_vs_asia	Africa	TRUE	posterior_gap	macroregion_maxk_gap	1	>=	0.2	PASS	criterion_met
FAVV_5	macroregion	P1_macroregion_africa_vs_asia	Africa	TRUE	global_K_agreement	macroregion_agreement	1	>=	0.9	PASS	criterion_met
FAVV_5	macroregion	P1_macroregion_africa_vs_asia	Africa	TRUE	tail_K_agreement	macroregion_tail_agreement	1	>=	1	PASS	criterion_met
FAVV_5	macroregion	P1_macroregion_africa_vs_asia	Africa	TRUE	usable_K_count	macroregion_nk_usable_for_stability	7	>=	6	PASS	criterion_met
FAVV_5	subregion	P2_Africa	E_Africa	TRUE	usable_snps	subregion_maxk_nsnps	10983	>=	300	PASS	criterion_met
FAVV_5	subregion	P2_Africa	E_Africa	TRUE	posterior	subregion_maxk_post	1	>=	0.85	PASS	criterion_met
FAVV_5	subregion	P2_Africa	E_Africa	TRUE	posterior_gap	subregion_maxk_gap	1	>=	0.25	PASS	criterion_met
FAVV_5	subregion	P2_Africa	E_Africa	TRUE	global_K_agreement	subregion_agreement	1	>=	0.9	PASS	criterion_met
FAVV_5	subregion	P2_Africa	E_Africa	TRUE	tail_K_agreement	subregion_tail_agreement	1	>=	1	PASS	criterion_met
FAVV_5	subregion	P2_Africa	E_Africa	TRUE	usable_K_count	subregion_nk_usable_for_stability	6	>=	6	PASS	criterion_met
FAVV_6	macroregion	P1_macroregion_africa_vs_asia	Africa	TRUE	usable_snps	macroregion_maxk_nsnps	11074	>=	200	PASS	criterion_met
FAVV_6	macroregion	P1_macroregion_africa_vs_asia	Africa	TRUE	posterior	macroregion_maxk_post	1	>=	0.85	PASS	criterion_met
FAVV_6	macroregion	P1_macroregion_africa_vs_asia	Africa	TRUE	posterior_gap	macroregion_maxk_gap	1	>=	0.2	PASS	criterion_met
FAVV_6	macroregion	P1_macroregion_africa_vs_asia	Africa	TRUE	global_K_agreement	macroregion_agreement	1	>=	0.9	PASS	criterion_met
FAVV_6	macroregion	P1_macroregion_africa_vs_asia	Africa	TRUE	tail_K_agreement	macroregion_tail_agreement	1	>=	1	PASS	criterion_met
FAVV_6	macroregion	P1_macroregion_africa_vs_asia	Africa	TRUE	usable_K_count	macroregion_nk_usable_for_stability	7	>=	6	PASS	criterion_met
FAVV_6	subregion	P2_Africa	W_Africa	TRUE	usable_snps	subregion_maxk_nsnps	10985	>=	300	PASS	criterion_met
FAVV_6	subregion	P2_Africa	W_Africa	TRUE	posterior	subregion_maxk_post	1	>=	0.85	PASS	criterion_met
FAVV_6	subregion	P2_Africa	W_Africa	TRUE	posterior_gap	subregion_maxk_gap	1	>=	0.25	PASS	criterion_met
FAVV_6	subregion	P2_Africa	W_Africa	TRUE	global_K_agreement	subregion_agreement	1	>=	0.9	PASS	criterion_met
FAVV_6	subregion	P2_Africa	W_Africa	TRUE	tail_K_agreement	subregion_tail_agreement	1	>=	1	PASS	criterion_met
FAVV_6	subregion	P2_Africa	W_Africa	TRUE	usable_K_count	subregion_nk_usable_for_stability	6	>=	6	PASS	criterion_met
FAVV_7	macroregion	P1_macroregion_africa_vs_asia	Africa	TRUE	usable_snps	macroregion_maxk_nsnps	11075	>=	200	PASS	criterion_met
FAVV_7	macroregion	P1_macroregion_africa_vs_asia	Africa	TRUE	posterior	macroregion_maxk_post	1	>=	0.85	PASS	criterion_met
FAVV_7	macroregion	P1_macroregion_africa_vs_asia	Africa	TRUE	posterior_gap	macroregion_maxk_gap	1	>=	0.2	PASS	criterion_met
FAVV_7	macroregion	P1_macroregion_africa_vs_asia	Africa	TRUE	global_K_agreement	macroregion_agreement	1	>=	0.9	PASS	criterion_met
FAVV_7	macroregion	P1_macroregion_africa_vs_asia	Africa	TRUE	tail_K_agreement	macroregion_tail_agreement	1	>=	1	PASS	criterion_met
FAVV_7	macroregion	P1_macroregion_africa_vs_asia	Africa	TRUE	usable_K_count	macroregion_nk_usable_for_stability	7	>=	6	PASS	criterion_met
FAVV_7	subregion	P2_Africa	E_Africa	TRUE	usable_snps	subregion_maxk_nsnps	10993	>=	300	PASS	criterion_met
FAVV_7	subregion	P2_Africa	E_Africa	TRUE	posterior	subregion_maxk_post	1	>=	0.85	PASS	criterion_met
FAVV_7	subregion	P2_Africa	E_Africa	TRUE	posterior_gap	subregion_maxk_gap	1	>=	0.25	PASS	criterion_met
FAVV_7	subregion	P2_Africa	E_Africa	TRUE	global_K_agreement	subregion_agreement	1	>=	0.9	PASS	criterion_met
FAVV_7	subregion	P2_Africa	E_Africa	TRUE	tail_K_agreement	subregion_tail_agreement	1	>=	1	PASS	criterion_met
FAVV_7	subregion	P2_Africa	E_Africa	TRUE	usable_K_count	subregion_nk_usable_for_stability	6	>=	6	PASS	criterion_met
